Treatment,Temperature,CO2,Tray,Number,Full_ID,Genotype,Population,Elevation,Cohort,Licor_E,Licor_A,Licor_Ca,Licor_Ci,Licor_gsw,Licor_LeafArea,Licor_dryLeafMass
T1,High,High,1,1,T1_1_1,213_1,213,2789.81,1,0.000592292,4.628983593,648.9094839,412.9876785,0.033637897,0.870969484,NA
T1,High,High,1,4,T1_1_4,269_15,269,2800,1,0.001921424,5.549963276,648.7155484,546.7146637,0.106178999,0.790969324,NA
T1,High,High,1,9,T1_1_9,303_8,303,3570,1,0.001584178,2.197239801,649.5281613,566.550399,0.061312626,0.582510126,NA
T1,High,High,1,10,T1_1_10,253_9,253,3460,1,0.000808875,2.289511052,649.6406774,548.8773075,0.044244918,0.506882734,0.0072
T1,High,High,1,13,T1_1_13,194_2,194,3108,1,0.001380895,2.92750576,649.3022581,538.7563143,0.05453807,0.705091016,0.0057
T1,High,High,1,22,T1_1_22,250_28,250,3133,1,0.001223402,8.23490535,648.1639667,444.1014131,0.070293874,0.814410231,0.0076
T1,High,High,1,29,T1_1_29,151_3,151,2975,1,0.002347388,8.555436753,648.8685,515.0787781,0.120068359,0.447671146,0.0047
T1,High,High,1,36,T1_1_36,213_1,213,2789.81,1,0.000504514,3.584170682,649.5305,432.6236238,0.028532562,0.487527857,0.0034
T1,High,High,1,39,T1_1_39,283_22,283,2890,1,0.00317611,8.617634589,647.2658,487.8279964,0.105665763,1.012618513,0.0082
T1,High,High,1,40,T1_1_40,151_3,151,2975,1,0.003183277,4.039348407,649.5002667,594.7274209,0.178957912,0.344803557,0.0026
T1,High,High,1,42,T1_1_42,250_28,250,3133,1,0.000965749,8.964696223,648.169871,364.3593278,0.053578573,0.769607274,0.0077
T1,High,High,1,48,T1_1_48,210_3,210,3161.3,2,0.000679235,8.719592997,648.9687419,273.3715592,0.03862637,0.430108387,0.0035
T1,High,High,1,50,T1_1_50,151_3,151,2975,1,0.000703249,5.02350892,649.1760323,433.3501602,0.04022333,0.611255703,0.0047
T1,High,High,1,51,T1_1_51,328_2,328,3660,1,0.001662735,11.1349027,648.2485806,434.63647,0.090957433,0.587026264,0.0056
T1,High,High,1,62,T1_1_62,269_15,269,2800,1,0.002008716,9.67569928,647.6364516,494.2213648,0.114145785,0.86136373,0.0092
T1,High,High,1,69,T1_1_69,250_28,250,3133,1,0.002816842,11.12131826,646.6377742,507.3637668,0.148605085,1.041650829,0.0094
T1,High,High,1,70,T1_1_70,212_7,212,3131,1,0.000508865,2.985156622,649.4980333,466.0256513,0.028588598,0.590825554,0.0047
T1,High,High,1,80,T1_1_80,304_19A,304,3673,1,0.001702598,1.230429578,649.9265161,609.7924657,0.092647755,0.16530499,4e-04
T1,High,High,1,86,T1_1_86,328_2,328,3660,1,0.000985122,8.668694294,646.3839333,379.7211158,0.055368184,1.571257623,0.0134
T1,High,High,1,90,T1_1_90,250_16,250,3133,2,0.000132235,1.632357645,649.7768,288.8344407,0.007516696,0.526596035,0.0038
T1,High,High,1,94,T1_1_94,210_3,210,3161.3,2,0.001026128,11.75645874,647.0831613,308.517366,0.058210452,0.944589703,0.0066
T1,High,High,2,101,T1_2_101,154_5,154,2992,2,0.00086336,7.974551975,648.9755806,371.3750794,0.048735618,0.484373729,0.0035
T1,High,High,2,105,T1_2_105,199_1,199,3502,1,0.000518902,4.722675861,649.012,381.8785135,0.029977653,0.798281166,0.0063
T1,High,High,2,108,T1_2_108,102_5,102,3072,1,0.001410825,6.127467796,648.5107097,508.275648,0.079846919,0.846524991,0.007
T1,High,High,2,114,T1_2_114,273_18C,273,2710,2,0.000864716,4.192134691,648.9761667,492.7721107,0.048228791,0.847098468,0.0083
T1,High,High,2,123,T1_2_123,185_2,185,3411,2,0.000497613,6.735598805,648.5108065,234.8956945,0.026977803,0.846381621,0.0076
T1,High,High,2,125,T1_2_125,194_2,194,3108,1,0.000540613,6.197066721,648.1917419,297.7106373,0.029545558,1.122224467,0.0127
T1,High,High,2,152,T1_2_152,212_7,212,3131,1,0.000348157,5.164761679,649.2423,193.8875918,0.018698027,0.56802981,0.0048
T1,High,High,2,170,T1_2_170,214_7,214,2693.59,1,0.000126819,0.036132885,650.0058,623.7676289,0.007133723,0.173190311,0.0011
T1,High,High,2,176,T1_2_176,212_7,212,3131,1,0.004407789,7.396687848,648.111,582.2727037,0.25178222,0.727815076,0.0048
T1,High,High,2,181,T1_2_181,210_3,210,3161.3,2,0.004037894,12.56800137,647.8999355,484.2066069,0.147306853,0.551614006,0.003
T1,High,High,3,212,T1_3_212,154_5,154,2992,2,0.000565467,1.602339938,649.341871,549.926846,0.03134597,1.307027704,0.0108
T1,High,High,3,239,T1_3_239,199_1,199,3502,2,0.004263292,8.558533852,646.0014667,536.2323508,0.164245051,1.415773441,0.014
T1,High,High,3,271,T1_3_271,253_9,253,3460,2,0.002618116,12.30877061,646.7401613,482.9487298,0.136510699,0.925951673,0.0069
T1,High,High,3,274,T1_3_274,269_15,269,2800,1,0.003669842,11.1940467,646.6524516,539.3880316,0.203450745,0.982009132,0.0126
T1,High,High,3,279,T1_3_279,185_2,185,3411,2,0.002866925,14.30675665,649.9551935,500.3908392,0.17365512,0.82258229,0.0063
T1,High,High,4,302,T1_4_302,211_13A,211,3121.58,1,0.001447557,6.39763297,648.1267,491.4820924,0.07431774,1.017779813,0.0099
T1,High,High,4,318,T1_4_318,269_15,269,2800,1,0.001364092,8.018238094,646.8214839,459.2609809,0.075417187,1.3239453,0.0136
T1,High,High,4,324,T1_4_324,199_1,199,3502,1,0.001391393,7.524954009,648.6324667,482.2477643,0.08056792,0.657850778,0.0057
T1,High,High,4,326,T1_4_326,49_2,49,2935,1,0.000361909,6.317730867,648.3530333,137.2145292,0.02026182,1.015414217,0.0071
T1,High,High,4,342,T1_4_342,185_2,185,3411,2,0.002320356,9.863636207,647.9755484,410.0825824,0.075151343,0.707098188,0.0055
T1,High,High,4,353,T1_4_353,214_7,214,2693.59,2,0.002041265,8.929494298,648.3450968,405.6193011,0.066385926,0.643155408,0.0041
T1,High,High,4,356,T1_4_356,303_8,303,3570,1,0.004137235,9.32315622,646.7844839,563.5275539,0.232560477,1.084805037,0.0069
T1,High,High,4,360,T1_4_360,151_3,151,2975,1,0.000798854,2.728069527,649.439871,533.59973,0.044402039,0.667313163,0.0058
T1,High,High,4,365,T1_4_365,283_22,283,2890,1,0.001420519,5.274463458,648.1227,523.4097417,0.078978988,1.194912784,0.0095
T1,High,High,4,368,T1_4_368,188_2,188,3126,1,0.000607,6.007041182,648.7754194,344.7022717,0.033304693,0.774983629,0.007
T1,High,High,4,380,T1_4_380,188_2,188,3126,1,0.001634861,7.125580107,647.9510968,428.8717954,0.058810299,1.010467971,0.0128
T1,High,High,5,393,T1_5_393,107_4,107,3091,1,0.001174618,10.81924853,647.9380667,371.1164104,0.066428021,0.717779213,0.0077
T1,High,High,5,396,T1_5_396,250_16,250,3133,2,0.001637257,7.852995806,648.4710667,479.8558534,0.083977317,0.683872335,0.0053
T1,High,High,5,405,T1_5_405,66_4,66,2940,1,0.001842407,10.37859228,647.3537419,473.3155764,0.106008914,0.905234785,0.0071
T1,High,High,5,433,T1_5_433,253_9,253,3460,2,0.000573927,6.876351713,648.2876129,286.6911637,0.031713371,0.953550294,0.0073
T1,High,High,5,441,T1_5_441,188_2,188,3126,1,0.002588622,8.457223062,648.1246667,533.2178796,0.140995437,0.730682465,0.006
T1,High,High,5,443,T1_5_443,211_13A,211,3121.58,1,0.000204946,2.925677805,649.3293,228.894061,0.011489459,0.859213188,0.0059
T1,High,High,5,450,T1_5_450,49_2,49,2935,1,0.000657932,5.979960828,648.924129,370.839573,0.036468445,0.673621419,0.0053
T1,High,High,5,454,T1_5_454,250_16,250,3133,2,0.000619781,8.037555881,648.6571333,265.6465689,0.034880123,0.646811329,0.0049
T1,High,High,5,475,T1_5_475,283_22,283,2890,1,0.001112325,8.531472378,648.1285806,406.9831921,0.060864544,0.821148596,0.0056
T1,High,High,5,488,T1_5_488,213_1,213,2789.81,1,0.001261906,11.40326334,647.3877,375.3923885,0.071375534,0.855628951,0.0065
T1,High,High,6,491,T1_6_491,211_13A,211,3121.58,1,0.000904106,3.401476432,649.4954667,523.5328121,0.050190218,0.520431148,0.003
T1,High,High,6,492,T1_6_492,303_8,303,3570,1,0.006636874,5.016079066,646.8670333,590.67635,0.266933675,1.356561853,0.0086
T1,High,High,6,496,T1_6_496,98_7,98,3011,1,0.00134493,8.390383357,648.4409667,455.705471,0.076391823,0.677779133,0.0084
T1,High,High,6,502,T1_6_502,98_7,98,3011,1,0.000320368,3.003410231,649.7668065,368.0668439,0.018016974,0.313764068,0.0019
T1,High,High,6,518,T1_6_518,199_1,199,3502,2,0.000847075,5.756245851,648.7647742,439.8180952,0.047833918,0.770037382,0.0072
T1,High,High,6,566,T1_6_566,213_1,213,2789.81,1,0.000732119,8.799383844,649.0484516,293.0355358,0.041264376,0.421649589,0.0031
T1,High,High,6,567,T1_6_567,107_4,107,3091,1,0.000971135,9.232807302,648.5155333,358.8078725,0.053979453,0.593191151,0.005
T1,High,High,6,570,T1_6_570,102_5,102,3072,1,0.000783362,6.895850417,648.4378667,385.2065158,0.044572105,0.851399552,0.0082
T1,High,High,6,579,T1_6_579,214_7,214,2693.59,2,0.000442962,3.402149201,648.8126129,416.7694055,0.025150906,1.306884334,0.0117
T1,High,High,6,580,T1_6_580,304_19A,304,3673,1,0.000679705,5.903487803,649.044129,382.0795548,0.03762152,0.591183978,0.005
T1,High,High,6,581,T1_6_581,66_4,66,2940,1,0.002473768,9.405238797,646.4228,429.0618598,0.079668892,1.289106521,0.0131
T1,High,High,7,591,T1_7_591,328_2,328,3660,1,0.003567907,7.379754342,648.0112333,570.6467009,0.20152657,0.825019571,0.0081
T1,High,High,7,596,T1_7_596,210_3,210,3161.3,2,0.001108469,4.337389598,649.3163548,516.6412284,0.060464728,0.535054834,0.0045
T1,High,High,7,598,T1_7_598,107_4,107,3091,1,0.001637828,5.513270096,649.7071,536.3282881,0.092347812,0.178423296,9e-04
T1,High,High,7,599,T1_7_599,66_4,66,2940,1,0.001206778,1.475559062,649.5507667,596.0969809,0.06710823,0.81469697,0.007
T1,High,High,7,619,T1_7_619,185_2,185,3411,2,0.000335675,6.17914214,649.6025806,127.642922,0.019378488,0.229176086,0.0017
T1,High,High,7,623,T1_7_623,211_13A,211,3121.58,1,0.001453867,7.199030232,648.2183548,487.7216013,0.081084155,0.877062686,0.0075
T1,High,High,7,628,T1_7_628,188_2,188,3126,1,0.002984523,3.43029565,649.5992258,599.0745346,0.170470973,0.299857231,0.0021
T1,High,High,7,630,T1_7_630,98_7,98,3011,2,0.000815504,8.987742556,647.4052581,321.2166111,0.046237438,1.100217254,0.0109
T1,High,High,7,646,T1_7_646,250_16,250,3133,2,0.000443579,6.313445313,649.1944516,227.842537,0.024773437,0.494768015,0.0039
T1,High,High,7,650,T1_7_650,304_19A,304,3673,1,0.000510854,6.653760196,648.0989032,267.3622668,0.029028462,1.085521884,0.0125
T1,High,High,7,666,T1_7_666,66_4,66,2940,1,0.00159857,8.020055325,648.4288,476.5650089,0.083726368,0.693908198,0.0054
T1,High,High,7,667,T1_7_667,102_5,102,3072,1,0.001600782,5.498495165,648.8773226,455.536021,0.053095966,0.680073045,0.0048
T1,High,High,7,670,T1_7_670,49_2,49,2935,1,0.001038867,3.553850001,649.3493871,533.5053443,0.057905296,0.614983309,0.0058
T1,High,High,7,682,T1_7_682,98_7,98,3011,2,0.000702304,4.736172651,648.9293548,442.0996899,0.039758163,0.816345719,0.0071
T2,High,Low,1,3,T2_1_3,212_7,212,3131,1,0.003392581,7.048114676,398.8130645,292.3129542,0.125031941,0.557993948,NA
T2,High,Low,1,12,T2_1_12,86_2,86,2880,1,0.001371466,3.77688539,398.8738,315.9701431,0.083041282,1.044661588,0.0065
T2,High,Low,1,15,T2_1_15,283_22,283,2890,2,0.002044798,5.573394446,398.9820323,312.1926777,0.117501406,0.630467211,0.0055
T2,High,Low,1,16,T2_1_16,86_2,86,2880,1,0.004810586,3.071161339,399.2035806,369.5399887,0.272632767,0.644875842,0.0044
T2,High,Low,1,19,T2_1_19,255_28,255,3341.67,1,0.00226483,7.693997387,397.9882258,292.813064,0.130612743,0.941507259,0.0097
T2,High,Low,1,29,T2_1_29,194_2,194,3108,1,0.001789673,1.198454683,399.8179355,352.7875211,0.064088871,0.36802941,0.0033
T2,High,Low,1,30,T2_1_30,269_15,269,2800,1,0.00193961,4.600531438,399.3189677,323.0645013,0.112472759,0.492043995,0.0043
T2,High,Low,1,44,T2_1_44,283_22,283,2890,2,0.005148783,6.888666861,398.8345484,312.6097431,0.164447791,0.506380941,0.0039
T2,High,Low,1,48,T2_1_48,1_3,1,2989,1,0.002253231,4.202862828,399.8277,336.1075778,0.127953201,0.134408871,0.0012
T2,High,Low,1,50,T2_1_50,66_4,66,2940,1,0.000304276,0.608987083,399.9251935,329.0253764,0.016272046,0.319642216,0.0023
T2,High,Low,1,51,T2_1_51,98_7,98,3011,2,0.000892533,4.554877749,398.7381667,244.0571833,0.050332554,1.010898079,0.0073
T2,High,Low,1,54,T2_1_54,107_4,107,3091,1,0.000300725,2.272446567,399.5707097,176.5610957,0.016953788,0.683657281,0.009
T2,High,Low,1,58,T2_1_58,194_2,194,3108,1,0.001540752,2.239105911,399.6732581,348.1549242,0.088197481,0.470825314,0.0045
T2,High,Low,1,73,T2_1_73,255_28,255,3341.67,1,0.001280232,5.458831245,398.8805806,270.9712444,0.074190681,0.73061078,0.008
T2,High,Low,1,74,T2_1_74,283_22,283,2890,2,0.002729136,8.303016611,398.4449,298.0550317,0.149666359,0.663728926,0.0056
T2,High,Low,1,81,T2_1_81,66_4,66,2940,1,0.001861778,4.016764219,398.3469,323.8091296,0.101729904,1.402296711,0.015
T2,High,Low,1,88,T2_1_88,48_2,48,2951,1,0.001308589,3.260033217,399.2937097,321.0214855,0.076860807,0.739499687,0.0057
T2,High,Low,2,99,T2_2_99,283_22,283,2890,2,0.002373093,2.86652258,399.5279667,349.4881881,0.121522941,0.492474103,0.0045
T2,High,Low,2,111,T2_2_111,212_7,212,3131,1,0.001529236,4.935939799,399.2124333,286.3587752,0.078012128,0.560216174,0.0047
T2,High,Low,2,129,T2_2_129,194_2,194,3108,1,0.000816301,2.659814865,399.6577333,292.4445245,0.044101476,0.43742023,0.0033
T2,High,Low,2,132,T2_2_132,56_3,56,3132,2,0.001906116,4.677076871,399.1406452,265.5087317,0.063986847,0.626954659,0.0059
T2,High,Low,2,136,T2_2_136,303_8,303,3570,1,0.002512993,2.620218048,399.5338387,358.958142,0.142918407,0.50136301,0.003
T2,High,Low,2,140,T2_2_140,56_3,56,3132,2,0.001541162,5.45514911,399.2139667,285.5758008,0.084946003,0.510395286,0.0048
T2,High,Low,2,167,T2_2_167,214_7,214,2693.59,2,0.002436796,9.896052266,398.0386,276.9269641,0.143620111,0.721005026,0.0041
T2,High,Low,2,179,T2_2_179,66_4,66,2940,1,0.001082711,4.036253733,398.926129,277.6825917,0.058434713,0.970252837,0.0083
T2,High,Low,2,191,T2_2_191,253_9,253,3460,1,0.000437414,1.946847198,399.8027333,266.3568206,0.025152015,0.399570692,0.0026
T2,High,Low,2,195,T2_2_195,1_3,1,2989,1,0.002336803,4.344550369,399.5985484,333.4913594,0.127494635,0.284660068,0.0028
T2,High,Low,3,198,T2_3_198,48_2,48,2951,1,0.000411339,1.530053639,399.9363548,282.3292083,0.022776138,0.202939474,0.0015
T2,High,Low,3,203,T2_3_203,1_3,1,2989,1,0.002456068,7.223897999,398.3035806,300.5865878,0.134097259,0.834123532,0.008
T2,High,Low,3,207,T2_3_207,86_2,86,2880,2,0.001446256,6.023096512,397.7565,270.9004048,0.08277679,1.376346839,0.0114
T2,High,Low,3,211,T2_3_211,269_15,269,2800,1,0.000612976,2.753680757,399.3763333,257.369502,0.033404263,0.84258233,0.0052
T2,High,Low,3,228,T2_3_228,56_3,56,3132,2,0.001046284,4.687779559,399.1163,262.2046742,0.059171397,0.692044395,0.0055
T2,High,Low,3,242,T2_3_242,91_2,91,2910,2,0.001023011,4.624197926,398.8860667,260.1391158,0.057539533,0.898496421,0.0073
T2,High,Low,3,248,T2_3_248,107_4,107,3091,1,0.002197187,6.330028371,399.1115484,306.33798,0.124037614,0.4906103,0.005
T2,High,Low,3,269,T2_3_269,328_2,328,3660,1,0.000851324,4.103004706,399.3129032,247.4578227,0.04634308,0.619499447,0.0056
T2,High,Low,3,278,T2_3_278,56_3,56,3132,2,0.002879797,6.498930404,399.433,323.9749514,0.162457929,0.291828541,0.0016
T2,High,Low,3,282,T2_3_282,303_8,303,3570,1,0.001468739,4.063314676,399.2545806,308.4093973,0.081477648,0.647169753,0.0063
T2,High,Low,3,283,T2_3_283,98_7,98,3011,2,0.001628107,3.006507289,399.0952581,330.0458879,0.08411713,0.988460758,0.0058
T2,High,Low,3,291,T2_3_291,212_7,212,3131,1,0.001802338,4.737144849,399.116129,257.3437295,0.060498424,0.649750403,0.0045
T2,High,Low,4,311,T2_4_311,162_2,162,3055,2,0.002826344,10.70768004,397.5581935,279.2234397,0.160214913,0.775413737,0.0084
T2,High,Low,4,335,T2_4_335,269_15,269,2800,1,0.000647717,2.288978611,399.483871,290.3987431,0.03698521,0.757850978,0.0062
T2,High,Low,4,343,T2_4_343,91_2,91,2910,2,0.00110232,3.304969315,399.0782903,304.2362369,0.062682062,0.975987615,0.008
T2,High,Low,4,349,T2_4_349,91_2,91,2910,2,0.000293293,2.513014444,399.6860333,145.0950151,0.016321687,0.458567225,0.0038
T2,High,Low,4,353,T2_4_353,81_1,81,3095,1,0.005738779,1.272832923,399.8643,372.8346833,0.210909395,0.144301364,0.0011
T2,High,Low,4,361,T2_4_361,253_9,253,3460,1,0.000970745,1.791258727,399.6891613,332.9255769,0.05171358,0.659714581,0.0038
T2,High,Low,5,407,T2_5_407,162_2,162,3055,2,0.001121548,2.777469427,399.4719,318.2402332,0.063026469,0.672904572,0.005
T2,High,Low,5,420,T2_5_420,273_18C,273,2710,2,0.001285708,6.615539146,399.1156129,248.2364076,0.075123295,0.481793078,0.0037
T2,High,Low,5,422,T2_5_422,214_7,214,2693.59,2,0.004536598,4.947158458,398.2700323,338.5952564,0.180643092,1.002152542,0.0081
T2,High,Low,5,484,T2_5_484,212_7,212,3131,1,0.001347973,3.418963271,398.8020667,315.1659,0.075188531,1.202152942,0.0103
T2,High,Low,6,512,T2_6_512,211_13A,211,3121.58,1,0.000601406,3.072952167,399.513,243.9019982,0.03369786,0.596130225,0.0051
T2,High,Low,6,517,T2_6_517,199_1,199,3502,2,0.002506629,5.339543107,398.433129,278.6547752,0.083343528,0.988102335,0.0082
T2,High,Low,6,520,T2_6_520,269_15,269,2800,1,0.001486778,3.884570468,398.9306667,259.7005696,0.050518729,0.950539535,0.0094
T2,High,Low,6,525,T2_6_525,162_2,162,3055,2,0.001180617,3.534513974,399.0362903,300.7088948,0.064647633,0.941650629,0.0075
T2,High,Low,6,538,T2_6_538,211_13A,211,3121.58,1,0.001552702,4.939473488,399.4151667,294.8759511,0.08455329,0.419212308,0.0033
T2,High,Low,6,540,T2_6_540,86_2,86,2880,1,0.001887527,8.269448104,398.5654667,264.7288173,0.107479487,0.638926009,0.0049
T2,High,Low,6,546,T2_6_546,107_4,107,3091,1,0.001494465,4.451658456,399.0407742,306.6232762,0.086944272,0.759714781,0.0076
T2,High,Low,6,549,T2_6_549,303_8,303,3570,1,0.000521146,2.606659339,399.5503333,247.9563457,0.029378028,0.645234265,0.0059
T2,High,Low,6,555,T2_6_555,194_2,194,3108,1,0.000363686,1.175623955,399.8484333,298.283275,0.020561861,0.440574358,0.0039
T2,High,Low,6,583,T2_6_583,199_1,199,3502,2,0.001485382,6.541111069,397.9670333,262.9099274,0.084010556,1.123801531,0.0114
T2,High,Low,7,617,T2_7_617,98_7,98,3011,2,0.000512681,3.43810012,399.2032333,197.6496577,0.028588367,0.847528577,0.0059
T2,High,Low,7,623,T2_7_623,48_2,48,2951,1,0.001543493,2.155207932,399.54,348.2432468,0.085958214,0.635771881,0.0043
T2,High,Low,7,627,T2_7_627,107_4,107,3091,1,0.000501807,4.844547326,399.0221333,107.9035495,0.027399061,0.774123412,0.0105
T2,High,Low,7,647,T2_7_647,328_2,328,3660,1,0.000378178,3.946858016,399.5548667,91.79499001,0.021046058,0.463370102,0.0041
T2,High,Low,7,663,T2_7_663,199_1,199,3502,2,0.002043554,1.375844944,399.8299032,368.7762059,0.112611233,0.341577744,0.0014
T2,High,Low,7,679,T2_7_679,214_7,214,2693.59,2,0.00264148,4.394628706,399.0316667,297.6958865,0.084618954,0.701721834,0.0054
T2,High,Low,7,684,T2_7_684,328_2,328,3660,1,0.001359732,6.187137747,399.0224667,259.453075,0.076638445,0.581506539,0.0033
T3,Low,Low,1,5,T3_1_5,107_4,107,3091,1,0.002321442,9.399060478,398.694129,305.1925725,0.177894828,0.512187404,NA
T3,Low,Low,1,8,T3_1_8,269_15,269,2800,1,0.000456839,3.550274949,399.178,262.9242114,0.043654414,0.880073445,NA
T3,Low,Low,1,10,T3_1_10,270_10,270,2553,1,0.003181676,5.798550217,398.9122667,350.9767359,0.238871249,0.611184018,0.0044
T3,Low,Low,1,13,T3_1_13,210_3,210,3161.3,2,0.000574054,0.272432419,399.8639333,381.5720135,0.043642909,1.183084803,0.0101
T3,Low,Low,1,17,T3_1_17,107_4,107,3091,1,0.001213889,5.668565331,398.0820323,294.5386616,0.095004284,1.251830461,0.0129
T3,Low,Low,1,18,T3_1_18,270_10,270,2553,1,0.001639595,2.448863477,399.4360645,359.3734759,0.124177708,0.731757736,0.0057
T3,Low,Low,1,30,T3_1_30,91_2,91,2910,2,0.001387728,3.552344674,399.1855161,342.8265979,0.116805762,0.781578624,0.008
T3,Low,Low,1,33,T3_1_33,255_28,255,3341.67,2,0.002965,10.55138113,394.2050333,312.4565105,0.232948078,1.972692117,0.0119
T3,Low,Low,1,41,T3_1_41,212_7,212,3131,1,0.001283045,4.754552025,398.9232258,310.3167307,0.094954755,0.822869029,0.0057
T3,Low,Low,1,46,T3_1_46,107_4,107,3091,1,0.000502627,0.426821113,399.8450645,374.5497696,0.039461866,0.980432068,0.0102
T3,Low,Low,1,53,T3_1_53,257_2,257,2754.1728,1,0.001935948,6.745503943,398.1072,317.1529342,0.149174061,1.003514552,0.0113
T3,Low,Low,1,62,T3_1_62,303_8,303,3570,1,0.000712711,2.136777803,399.4108667,325.8320741,0.052355908,1.02788736,0.0122
T3,Low,Low,1,94,T3_1_94,66_4,66,2940,1,0.000235919,1.951210384,399.6078,217.321821,0.017796681,0.735485342,0.0049
T3,Low,Low,2,106,T3_2_106,212_7,212,3131,1,0.002870563,7.261963296,397.079,334.7219965,0.218167253,1.392619273,0.0106
T3,Low,Low,2,111,T3_2_111,194_2,194,3108,1,0.000981027,3.401898041,399.2664333,318.2098461,0.074646158,0.763155648,0.0085
T3,Low,Low,2,145,T3_2_145,91_2,91,2910,2,0.004488062,11.37336275,398.9650968,335.2964843,0.338159734,0.319212108,0.0014
T3,Low,Low,2,156,T3_2_156,162_2,162,3055,2,0.000838333,3.933333275,398.9125667,291.0574732,0.063032884,0.998066512,0.0085
T3,Low,Low,2,165,T3_2_165,211_13A,211,3121.58,1,0.00042848,5.914520193,399.3811667,108.0440762,0.033188331,0.406237372,0.0042
T3,Low,Low,2,176,T3_2_176,269_15,269,2800,1,0.00202214,8.29022338,398.4878667,319.8253966,0.186789071,0.665521044,0.007
T3,Low,Low,2,189,T3_2_189,270_10,270,2553,1,0.001549652,4.388265437,398.8076,330.1379847,0.116757838,0.94924921,0.0078
T3,Low,Low,2,191,T3_2_191,211_13A,211,3121.58,1,0.000544731,5.447903145,398.9134667,189.3285367,0.042996075,0.779069658,0.0074
T3,Low,Low,3,197,T3_3_197,257_2,257,2754.1728,1,0.002198979,8.877621841,397.9633871,304.5649588,0.168067391,0.834051847,0.0083
T3,Low,Low,3,199,T3_3_199,102_5,102,3072,1,0.003107056,6.809303514,396.2581935,343.3523736,0.247188669,1.87455572,0.0162
T3,Low,Low,3,205,T3_3_205,212_7,212,3131,1,0.000721899,1.585573608,399.5128667,344.2957626,0.054018667,1.103586437,0.0081
T3,Low,Low,3,210,T3_3_210,194_2,194,3108,2,0.000236022,0.977858683,399.8804516,304.6353311,0.017854976,0.362222947,0.0031
T3,Low,Low,3,211,T3_3_211,283_22,283,2890,1,0.001766974,7.108744881,398.2004667,303.0728635,0.131681666,0.932976776,0.0092
T3,Low,Low,3,238,T3_3_238,328_2,328,3660,1,0.00227602,4.717898097,398.5582258,347.296122,0.176793648,1.016417803,0.0057
T3,Low,Low,3,244,T3_3_244,91_2,91,2910,2,0.000768554,3.188477396,399.4874516,304.2725931,0.05846072,0.548961671,0.0047
T3,Low,Low,3,251,T3_3_251,255_28,255,3341.67,1,0.000775397,5.295176372,399.1291613,251.581626,0.06051823,0.624015585,0.0058
T3,Low,Low,3,269,T3_3_269,328_2,328,3660,1,0.000653332,4.303767104,398.4110645,252.7361584,0.049862829,1.397063726,0.0135
T3,Low,Low,3,271,T3_3_271,212_7,212,3131,1,0.001359757,6.585583855,398.357129,285.04386,0.10054189,0.928388954,0.0064
T3,Low,Low,3,272,T3_3_272,257_2,257,2754.1728,1,0.001802265,9.488130919,398.2558667,279.3312655,0.137722859,0.679069458,0.0085
T3,Low,Low,3,274,T3_3_274,66_4,66,2940,1,0.001617975,6.998557106,397.9319355,298.4340392,0.123095166,1.077851618,0.0067
T3,Low,Low,3,283,T3_3_283,157_3,157,3004,2,0.0016279,0.152825421,399.9309333,388.9070582,0.116708811,0.37469609,0.0034
T3,Low,Low,4,297,T3_4_297,269_15,269,2800,1,0.002423246,3.632850368,398.9887,359.567028,0.188227718,0.891543002,0.0105
T3,Low,Low,4,300,T3_4_300,91_2,91,2910,2,0.000742997,3.658757152,399.0231667,289.3376219,0.057426565,0.961865723,0.0096
T3,Low,Low,4,302,T3_4_302,102_5,102,3072,1,0.001632238,4.81811415,397.8366129,326.8098937,0.123451962,1.588677012,0.0123
T3,Low,Low,4,314,T3_4_314,303_8,303,3570,1,0.001755987,4.329431008,399.2177097,340.7040752,0.138015705,0.625090856,0.0049
T3,Low,Low,4,315,T3_4_315,328_2,328,3660,1,0.001862667,6.622594318,398.9755667,313.6611903,0.138527564,0.551040529,0.0045
T3,Low,Low,4,325,T3_4_325,194_2,194,3108,1,0.000754622,2.693359496,399.5711667,315.8881293,0.056977973,0.598854244,0.0045
T3,Low,Low,4,359,T3_4_359,210_3,210,3161.3,2,0.000701076,2.74594109,399.7056667,308.3818549,0.052732006,0.400072485,0.0034
T3,Low,Low,4,374,T3_4_374,66_4,66,2940,1,0.000916853,4.076491791,398.9015806,296.9718344,0.069472242,0.99211668,0.0079
T3,Low,Low,4,388,T3_4_388,304_19A,304,3673,1,0.001424364,6.978668807,398.0589667,283.0192351,0.104890985,1.04000208,0.0101
T3,Low,Low,5,397,T3_5_397,162_2,162,3055,2,0.000183015,3.682619087,399.2208387,62.49385664,0.017730293,0.811327788,0.0093
T3,Low,Low,5,414,T3_5_414,283_22,283,2890,1,0.001609608,2.922736967,397.7894333,335.2051662,0.090609717,0.629965418,0.0053
T3,Low,Low,5,423,T3_5_423,214_7,214,2693.59,2,0.0014232,4.83248627,397.7971613,318.4854814,0.109043729,1.646956699,0.0212
T3,Low,Low,5,428,T3_5_428,303_8,303,3570,1,0.001322987,1.351552139,399.8406667,369.0302206,0.0975439,0.338065192,0.0026
T3,Low,Low,5,438,T3_5_438,283_22,283,2890,1,0.002110826,5.967970705,399.0517,329.7569464,0.158026783,0.561148076,0.0051
T3,Low,Low,5,457,T3_5_457,214_7,214,2693.59,2,0.000176706,2.274174222,399.5332667,119.906326,0.013292715,0.803800891,0.0079
T3,Low,Low,5,458,T3_5_458,162_2,162,3055,2,0.001238764,2.18884861,399.5563333,353.6135579,0.093340334,0.667026424,0.0055
T3,Low,Low,5,485,T3_5_485,270_10,270,2553,1,0.000942881,1.089929516,399.7230645,367.2979157,0.072137878,0.725234425,0.0062
T3,Low,Low,6,497,T3_6_497,157_3,157,3004,2,0.002307122,4.571195311,398.8979,345.7764238,0.166287119,0.791757856,0.0093
T3,Low,Low,6,498,T3_6_498,304_19A,304,3673,1,0.000815771,2.748552102,399.5187667,322.5092163,0.063624555,0.656130345,0.0066
T3,Low,Low,6,499,T3_6_499,255_28,255,3341.67,2,0.001447982,0.720153786,399.7104839,383.2771834,0.126884821,0.981579024,0.0076
T3,Low,Low,6,500,T3_6_500,328_2,328,3660,1,0.000431127,2.111407802,399.7650667,288.1949733,0.032510405,0.415484702,0.0033
T3,Low,Low,6,502,T3_6_502,210_3,210,3161.3,2,0.000506251,3.530449997,399.3572,238.0043262,0.036741904,0.682797065,0.0056
T3,Low,Low,6,510,T3_6_510,102_5,102,3072,1,0.000507613,1.826181754,399.7511333,316.7001125,0.038833965,0.494337906,0.0036
T3,Low,Low,6,517,T3_6_517,304_19A,304,3673,1,0.000653655,0.484165432,399.9052,375.6458959,0.048886052,0.508818222,0.0048
T3,Low,Low,6,539,T3_6_539,66_4,66,2940,1,0.001311652,3.550870757,399.551129,339.0569387,0.107872621,0.428459638,0.0029
T3,Low,Low,6,573,T3_6_573,303_8,303,3570,1,0.000833543,4.647088727,399.1053333,276.7494648,0.064868464,0.714481716,0.0067
T3,Low,Low,6,579,T3_6_579,257_2,257,2754.1728,1,0.001311091,5.304330757,399.2377097,308.326863,0.102551873,0.50802969,0.0056
T3,Low,Low,6,581,T3_6_581,210_3,210,3161.3,2,0.00030799,2.500417335,399.6115667,226.9641089,0.024124359,0.548388194,0.0043
T3,Low,Low,6,587,T3_6_587,304_19A,304,3673,1,0.000764115,1.349163825,399.8321,354.3700474,0.057954476,0.411685411,0.0032
T3,Low,Low,7,592,T3_7_592,157_3,157,3004,2,0.000328912,2.725368209,399.3431333,254.8165152,0.031460391,0.905521524,0.0076
T3,Low,Low,7,595,T3_7_595,157_3,157,3004,2,0.000835237,4.00899234,399.6332581,290.3445447,0.063305302,0.333692424,0.0028
T3,Low,Low,7,608,T3_7_608,194_2,194,3108,1,0.000789437,4.679870041,399.1685333,266.9765865,0.060181995,0.663227133,0.0058
T3,Low,Low,7,609,T3_7_609,283_22,283,2890,1,0.001150881,3.123267443,399.5409333,333.5151432,0.086647355,0.527814676,0.0048
T3,Low,Low,7,610,T3_7_610,102_5,102,3072,1,0.000535034,4.851965246,398.3662667,231.9300959,0.048503836,1.272260609,0.011
T3,Low,Low,7,627,T3_7_627,255_28,255,3341.67,1,0.001387965,7.183570618,398.4285667,280.3162331,0.104769873,0.816345719,0.009
T3,Low,Low,7,628,T3_7_628,269_15,269,2800,1,0.001004596,4.492905715,398.5255484,292.6144468,0.073665096,1.203084843,0.0121
T3,Low,Low,7,636,T3_7_636,214_7,214,2693.59,2,0.000638035,3.970218081,398.9668387,263.906148,0.049783714,0.967958925,0.0085
T3,Low,Low,7,643,T3_7_643,107_4,107,3091,1,0.00055529,2.427469417,399.3871667,296.4945844,0.040919466,0.878568065,0.0089
T3,Low,Low,7,655,T3_7_655,211_13A,211,3121.58,1,0.000401125,2.896488014,399.0287097,232.5799783,0.029147169,1.261292845,0.0122
T4,Low,High,1,2,T4_1_2,253_9,253,3460,1,0.001183434,6.926427349,648.5289032,507.9124807,0.087350074,0.784015905,NA
T4,Low,High,1,27,T4_1_27,328_2,328,3660,1,0.000438282,4.963568822,648.8767742,397.3263648,0.033137868,0.861005306,0.005
T4,Low,High,1,42,T4_1_42,304_19A,304,3673,1,0.000854875,3.706448415,649.6804667,545.1761591,0.064983525,0.303226413,0.0074
T4,Low,High,1,52,T4_1_52,211_13A,211,3121.58,1,0.001197641,5.924658197,648.7828065,532.483531,0.092082321,0.747600062,0.0084
T4,Low,High,1,67,T4_1_67,211_13A,211,3121.58,1,0.000450808,3.510239272,649.4771935,470.8454578,0.033816208,0.564947366,0.0059
T4,Low,High,1,68,T4_1_68,255_28,255,3341.67,1,0.001101425,4.998551882,648.9792667,539.3422033,0.083177544,0.709822208,0.0061
T4,Low,High,1,72,T4_1_72,107_4,107,3091,1,0.001517855,6.85140246,649.7719667,541.2794635,0.115679708,0.114337146,0.0011
T4,Low,High,2,102,T4_2_102,91_2,91,2910,2,0.001039816,7.144359469,648.2747,486.3868859,0.077023386,0.887385287,0.0079
T4,Low,High,2,117,T4_2_117,253_9,253,3460,1,0.001451206,7.344433455,647.428871,527.5413142,0.110630769,1.250253397,0.0137
T4,Low,High,2,119,T4_2_119,48_2,48,2951,2,0.000442838,6.630255122,648.7750645,319.6876898,0.033388544,0.711901065,0.006
T4,Low,High,2,152,T4_2_152,107_4,107,3091,1,0.000364278,0.238259683,649.9649677,622.6124951,0.027570894,0.343083123,0.0039
T4,Low,High,2,159,T4_2_159,194_2,194,3108,1,0.000251454,5.564906791,649.2976,184.2571229,0.019544884,0.492545788,0.0043
T4,Low,High,2,167,T4_2_167,48_2,48,2951,2,0.00152249,3.830597404,649.5254333,582.7825982,0.115628812,0.411757096,0.0042
T4,Low,High,2,176,T4_2_176,91_2,91,2910,2,0.000615921,5.344013043,649.1084333,455.2644244,0.047138745,0.605520924,0.0053
T4,Low,High,2,183,T4_2_183,189_1,189,3273,2,0.002785809,6.362715437,648.8194516,585.9034232,0.209826242,0.560359544,0.0041
T4,Low,High,2,186,T4_2_186,255_28,255,3341.67,1,0.000848435,5.234902987,648.2424333,505.8534157,0.0647539,1.22530711,0.0147
T4,Low,High,3,197,T4_3_197,56_3,56,3132,2,0.001705421,14.40211409,643.2205667,452.0509389,0.130183057,1.743300978,0.0195
T4,Low,High,3,201,T4_3_201,48_2,48,2951,2,0.001854878,4.323291517,648.6863,584.8342255,0.138890693,0.902654135,0.0087
T4,Low,High,3,204,T4_3_204,50_1,50,2934,2,0.001359106,1.344984787,649.4841935,613.3227697,0.098432238,0.933048461,0.0122
T4,Low,High,3,240,T4_3_240,56_3,56,3132,2,0.000696412,5.901521259,646.7876,450.1180688,0.051415799,2.014484316,0.0218
T4,Low,High,3,245,T4_3_245,157_3,157,3004,2,0.000709987,2.020837605,649.5119333,576.2403706,0.053916543,0.757205815,0.0057
T4,Low,High,3,247,T4_3_247,253_9,253,3460,1,0.002582857,8.589982981,648.2355484,567.3970197,0.205196412,0.689822168,0.0074
T4,Low,High,3,251,T4_3_251,189_1,189,3273,2,0.000497741,3.730333793,649.7602667,503.2271008,0.044056286,0.229534509,5e-04
T4,Low,High,3,256,T4_3_256,210_3,210,3161.3,2,0.000619864,4.710031385,649.0252,463.7622118,0.043846242,0.790467531,0.0056
T4,Low,High,3,265,T4_3_265,269_15,269,2800,1,0.001807955,10.65962553,646.975129,508.8565533,0.137437519,1.010969764,0.0126
T4,Low,High,3,267,T4_3_267,304_19A,304,3673,1,0.001364444,7.077736619,647.9356333,523.1143121,0.101989278,1.043084523,0.0135
T4,Low,High,4,295,T4_4_295,157_3,157,3004,2,0.000928586,3.958768926,649.4311613,542.2200327,0.067790222,0.473907758,0.0034
T4,Low,High,4,308,T4_4_308,102_5,102,3072,1,0.001096155,6.575927258,648.5936,539.3823586,0.107002558,0.792474703,0.0075
T4,Low,High,4,309,T4_4_309,50_1,50,2934,2,0.001744552,7.262729656,648.7646333,541.6551642,0.125563778,0.586739525,0.004
T4,Low,High,4,321,T4_4_321,49_2,49,2935,2,0.000690493,5.772045383,648.8848387,487.6320445,0.061538232,0.731184258,0.006
T4,Low,High,4,333,T4_4_333,207_14B,207,3218.6,2,0.00138188,10.51507005,646.0906,467.0668271,0.101928686,1.375988415,0.0181
T4,Low,High,4,337,T4_4_337,269_15,269,2800,1,0.000635485,7.274439097,648.1414839,404.229209,0.050160643,0.977206255,0.0111
T4,Low,High,4,360,T4_4_360,207_14B,207,3218.6,2,0.000712937,4.911110065,649.2133,490.8007269,0.053994907,0.599786146,0.0068
T4,Low,High,4,380,T4_4_380,328_2,328,3660,1,0.000450894,5.903522813,648.4836452,351.4515503,0.033122754,0.988962551,0.0115
T4,Low,High,4,384,T4_4_384,303_8,303,3570,1,0.000456692,1.098564087,649.6754667,591.3427453,0.038048148,0.957636324,0.0131
T4,Low,High,4,386,T4_4_386,102_5,102,3072,1,0.000344112,6.210436999,649.1961333,258.2958633,0.026126505,0.476201669,0.0043
T4,Low,High,4,390,T4_4_390,210_3,210,3161.3,2,0.000875618,0.503021282,649.7025333,624.091033,0.066702618,0.961292245,0.0105
T4,Low,High,5,424,T4_5_424,49_2,49,2935,1,0.000845647,4.342770946,648.6725484,538.2512412,0.070696683,1.085521884,0.0108
T4,Low,High,5,430,T4_5_430,328_2,328,3660,1,0.00097622,5.276534648,649.5209355,515.8325214,0.070447715,0.325161941,0.0029
T4,Low,High,5,435,T4_5_435,207_14B,207,3218.6,2,0.000252114,3.714988679,649.5389667,339.7423152,0.019869942,0.475126398,0.006
T4,Low,High,5,436,T4_5_436,50_1,50,2934,2,0.001098917,7.227996296,649.1734667,501.8551504,0.086101818,0.423370022,0.004
T4,Low,High,5,440,T4_5_440,56_3,56,3132,2,0.001296838,8.891271762,647.5916333,484.5885127,0.095375577,0.967385447,0.0094
T4,Low,High,5,445,T4_5_445,212_7,212,3131,1,0.00187562,9.216493855,648.4215484,527.7643416,0.138722418,0.622796945,0.0056
T4,Low,High,5,447,T4_5_447,269_15,269,2800,1,0.001666106,11.74320016,646.4809355,489.7838569,0.131284149,1.106883934,0.0137
T4,Low,High,5,453,T4_5_453,194_2,194,3108,1,0.001276821,4.943913199,649.3078387,550.5415222,0.093367035,0.473405965,0.0055
T4,Low,High,5,460,T4_5_460,48_2,48,2951,2,0.00084348,2.819458144,649.4286667,566.3697438,0.064605284,0.659714581,0.0055
T4,Low,High,5,461,T4_5_461,107_4,107,3091,1,0.000985883,3.542463261,649.6435,563.8175581,0.077788142,0.315556187,0.0043
T4,Low,High,5,466,T4_5_466,49_2,49,2935,2,0.001508216,0.987810788,649.5944333,621.881955,0.113659707,0.800718447,0.0078
T4,Low,High,5,479,T4_5_479,255_28,255,3341.67,1,0.000497627,7.165601319,647.6532581,331.4518336,0.037635294,1.256561653,0.0146
T4,Low,High,5,480,T4_5_480,212_7,212,3131,1,0.000647625,4.676824361,649.3369667,491.2757458,0.051341336,0.507026104,0.0039
T4,Low,High,5,488,T4_5_488,211_13A,211,3121.58,1,0.000612013,4.928361155,649.3399333,466.2901219,0.046273271,0.521291365,0.0047
T4,Low,High,5,490,T4_5_490,189_1,189,3273,2,0.001568063,3.053107839,649.0854839,596.4484086,0.123996951,0.903155928,0.0076
T4,Low,High,6,494,T4_6_494,283_22,283,2890,2,0.000151922,3.467618998,649.3908333,152.5196215,0.011375211,0.700144769,0.0074
T4,Low,High,6,497,T4_6_497,255_28,255,3341.67,1,0.001635925,2.795325083,648.6459032,604.4652772,0.140374943,1.405737579,0.0086
T4,Low,High,6,506,T4_6_506,328_2,328,3660,1,0.000407344,3.459749669,649.1667,457.1713055,0.030803587,0.901722234,0.0079
T4,Low,High,6,515,T4_6_515,212_7,212,3131,1,0.000704147,9.169173626,647.9609,352.4866999,0.051824115,0.850180912,0.0082
T4,Low,High,6,524,T4_6_524,199_1,199,3502,2,0.002780863,5.484847273,648.9216,591.590235,0.205303523,0.591542402,0.0049
T4,Low,High,6,526,T4_6_526,207_14B,207,3218.6,2,0.000412087,6.118745736,648.6146452,311.1524632,0.03003737,0.872689917,0.0098
T4,Low,High,6,535,T4_6_535,283_22,283,2890,2,0.000508794,6.689004948,648.9022667,359.5094602,0.038547492,0.637635684,0.0067
T4,Low,High,6,542,T4_6_542,255_28,255,3341.67,1,0.000464712,4.048892577,648.2633548,444.8803435,0.033973076,1.593694944,0.0198
T4,Low,High,6,544,T4_6_544,194_2,194,3108,1,0.000649693,6.785593471,648.7175806,416.3684672,0.049349087,0.707528297,0.005
T4,Low,High,6,547,T4_6_547,157_3,157,3004,2,0.000904959,9.360049399,649.0579333,416.9029332,0.068292814,0.374265982,0.0031
T4,Low,High,6,548,T4_6_548,199_1,199,3502,2,0.001563073,1.664844234,649.5482581,615.142668,0.124916968,0.701793518,0.0066
T4,Low,High,6,555,T4_6_555,303_8,303,3570,1,0.001738689,6.733431372,646.7987419,552.9084525,0.134441765,1.648963871,0.0218
T4,Low,High,6,564,T4_6_564,283_22,283,2890,2,0.000767048,7.794865541,649.0840968,423.0082753,0.058412071,0.443298378,0.0044
T4,Low,High,7,594,T4_7_594,304_19A,304,3673,1,0.000686301,10.41191982,647.8574333,317.0495946,0.052228956,0.793119866,0.0105
T4,Low,High,7,602,T4_7_602,210_3,210,3161.3,2,0.001547751,5.051431866,649.3873548,562.116372,0.111024392,0.398567105,0.0022
T4,Low,High,7,604,T4_7_604,102_5,102,3072,1,0.001703587,3.102181306,649.4158,599.6354028,0.13572316,0.583800451,0.0043
T4,Low,High,7,605,T4_7_605,56_3,56,3132,2,0.001021829,13.11254373,648.065,364.0448551,0.077370291,0.566882854,0.0064
T4,Low,High,7,620,T4_7_620,255_28,255,3341.67,1,0.001355177,4.528718097,648.2109,562.4738971,0.100862331,1.335486542,0.0127
T4,Low,High,7,624,T4_7_624,102_5,102,3072,1,0.001508501,9.900707788,648.4357,498.0512563,0.115855307,0.5666678,0.0058
T4,Low,High,7,648,T4_7_648,91_2,91,2910,2,0.000415536,7.595206188,649.1934,251.6756429,0.031421243,0.410323401,0.0037
T4,Low,High,7,668,T4_7_668,189_1,189,3273,2,0.001973047,7.795135689,648.5305,553.3648979,0.153293606,0.649105241,0.0046
T4,Low,High,7,670,T4_7_670,269_15,269,2800,1,0.001552858,9.815262777,647.848129,497.6253494,0.115314669,0.806309856,0.008
T4,Low,High,8,688,T4_8_688,304_19A,304,3673,1,0.000994032,6.581447317,649.2466129,508.0935722,0.081781881,0.428101215,0.0038
T4,Low,High,8,700,T4_8_700,303_8,303,3570,1,0.000542178,2.140191434,649.6136774,555.9888888,0.042338869,0.644445733,0.0057