SiteName,Population,Year,SnowMeltDOY,GDD_nosnow
GV001,1,2002,116.8305479,2764.9361
GV001,1,2003,143.3453604,2793.9781
GV001,1,2004,133.1564357,2342.3255
GV001,1,2005,151.9520562,2571.5629
GV001,1,2006,132.5994439,2493.9561
GV001,1,2007,121.8781872,2694.8812
GV001,1,2008,157.0887631,2500.8033
GV001,1,2009,130.7108564,2340.9898
GV001,1,2010,137.3700603,2633.6186
GV001,1,2011,162.0178592,2525.8318
GV001,1,2012,122.7109395,2916.5436
GV046,46,2002,107.8083251,2961.0899
GV046,46,2003,136.7751912,2981.0851
GV046,46,2004,121.4827589,2530.1556
GV046,46,2005,140.6621266,2761.8888
GV046,46,2006,124.0802731,2681.1283
GV046,46,2007,110.9709503,2883.6455
GV046,46,2008,151.521185,2676.9251
GV046,46,2009,126.0032459,2515.418
GV046,46,2010,130.1586995,2815.9239
GV046,46,2011,155.5348093,2717.8078
GV046,46,2012,107.9353289,3113.8658
GV047,47,2002,113.0658154,3076.5962
GV047,47,2003,140.5682096,3103.1496
GV047,47,2004,127.6411799,2664.3548
GV047,47,2005,147.9818723,2890.8302
GV047,47,2006,129.2439856,2806.2995
GV047,47,2007,117.3056581,3011.2278
GV047,47,2008,154.2567651,2806.0772
GV047,47,2009,127.1482848,2651.0022
GV047,47,2010,133.7417768,2943.8196
GV047,47,2011,159.0312463,2846.6735
GV047,47,2012,115.5290922,3237.4582
GV048,48,2002,109.5860879,3019.0876
GV048,48,2003,137.2988932,3048.2024
GV048,48,2004,122.9852505,2605.9194
GV048,48,2005,141.2141955,2832.5026
GV048,48,2006,124.6303013,2747.5486
GV048,48,2007,111.894613,2955.6402
GV048,48,2008,150.6673225,2752.2916
GV048,48,2009,126.5427084,2595.3065
GV048,48,2010,130.1107933,2886.8925
GV048,48,2011,154.6861514,2790.7847
GV048,48,2012,110.609849,3180.2497
GV049,49,2002,113.5758055,3252.9267
GV049,49,2003,140.5867502,3279.189
GV049,49,2004,128.1979446,2849.6387
GV049,49,2005,148.1854355,3073.3751
GV049,49,2006,129.2972447,2982.6146
GV049,49,2007,117.2999151,3195.0574
GV049,49,2008,154.1363679,2981.3759
GV049,49,2009,127.6403452,2832.9917
GV049,49,2010,133.6729562,3119.7096
GV049,49,2011,158.6576481,3029.8055
GV049,49,2012,116.5167569,3418.7639
GV050,50,2002,116.3554867,3214.2323
GV050,50,2003,142.2533855,3238.1812
GV050,50,2004,131.3349166,2804.9556
GV050,50,2005,151.8611895,3030.5588
GV050,50,2006,132.1529141,2942.8432
GV050,50,2007,120.8200616,3151.3308
GV050,50,2008,156.0318606,2940.8557
GV050,50,2009,128.9738399,2787.15
GV050,50,2010,135.395329,3078.6521
GV050,50,2011,160.5289843,2983.9835
GV050,50,2012,121.1124289,3379.7627
GV051,51,2002,116.355123,3280.148
GV051,51,2003,142.0124483,3304.6926
GV051,51,2004,131.0752087,2875.8495
GV051,51,2005,151.7529275,3098.2722
GV051,51,2006,132.1745428,3008.3337
GV051,51,2007,120.6527762,3220.3249
GV051,51,2008,155.9129116,3006.8736
GV051,51,2009,128.8999733,2855.5602
GV051,51,2010,135.105096,3144.5632
GV051,51,2011,160.3412003,3051.559
GV051,51,2012,120.8249077,3447.2471
GV052,52,2002,120.1121106,3265.7771
GV052,52,2003,143.2586649,3291.3245
GV052,52,2004,134.8709001,2859.8929
GV052,52,2005,157.2636505,3082.9351
GV052,52,2006,136.8788778,2991.714
GV052,52,2007,124.3815716,3203.6084
GV052,52,2008,160.5013065,2988.0886
GV052,52,2009,133.056715,2839.915
GV052,52,2010,137.9010001,3129.0602
GV052,52,2011,163.4191052,3034.3955
GV052,52,2012,126.2191207,3429.8982
GV053,53,2002,121.1809193,3068.6506
GV053,53,2003,143.9885224,3098.3982
GV053,53,2004,136.3521332,2669.3127
GV053,53,2005,157.7872027,2887.0539
GV053,53,2006,137.5903322,2799.4521
GV053,53,2007,125.5632931,3011.1626
GV053,53,2008,160.749433,2797.7635
GV053,53,2009,133.8942036,2656.5813
GV053,53,2010,138.6934742,2939.5761
GV053,53,2011,163.9903136,2840.1964
GV053,53,2012,128.1018245,3224.3286
GV054,54,2002,120.0898087,3212.9323
GV054,54,2003,143.6135831,3239.3512
GV054,54,2004,134.5305034,2808.1092
GV054,54,2005,158.4384473,3030.6251
GV054,54,2006,137.4808671,2940.4324
GV054,54,2007,125.2100522,3150.1688
GV054,54,2008,161.3702962,2940.12
GV054,54,2009,132.562376,2790.0819
GV054,54,2010,138.093235,3077.7231
GV054,54,2011,164.174478,2984.7057
GV054,54,2012,126.0504008,3377.2737
GV055,55,2002,118.2354278,2922.0739
GV055,55,2003,144.6093454,2947.8696
GV055,55,2004,135.4707956,2497.7946
GV055,55,2005,154.8408173,2726.7754
GV055,55,2006,134.7061915,2648.5158
GV055,55,2007,124.0684783,2851.0547
GV055,55,2008,160.6298276,2644.5384
GV055,55,2009,133.6737731,2494.1376
GV055,55,2010,141.0341775,2784.2649
GV055,55,2011,164.369381,2682.8571
GV055,55,2012,124.6370369,3070.2901
GV056,56,2002,117.6702853,2829.4834
GV056,56,2003,145.0588601,2856.0679
GV056,56,2004,135.2407532,2386.3917
GV056,56,2005,157.3488985,2625.9047
GV056,56,2006,136.0108192,2548.2232
GV056,56,2007,125.880961,2746.9877
GV056,56,2008,164.7755427,2546.8836
GV056,56,2009,134.9731533,2389.8725
GV056,56,2010,144.3026221,2691.076
GV056,56,2011,167.2445183,2587.0236
GV056,56,2012,122.3787429,2958.1576
GV057,57,2002,119.4298245,2898.3646
GV057,57,2003,145.8485036,2923.2582
GV057,57,2004,137.6397432,2453.4098
GV057,57,2005,158.0515533,2692.7254
GV057,57,2006,136.7209705,2614.3406
GV057,57,2007,127.2934188,2811.8952
GV057,57,2008,165.221497,2612.6681
GV057,57,2009,136.5963196,2454.2305
GV057,57,2010,145.4826162,2756.4905
GV057,57,2011,167.6289965,2653.0062
GV057,57,2012,125.2564101,3024.6441
GV058,58,2002,119.3554271,2889.0313
GV058,58,2003,147.9847548,2911.1798
GV058,58,2004,138.6274329,2440.7403
GV058,58,2005,159.7464461,2682.2508
GV058,58,2006,136.9765825,2599.7153
GV058,58,2007,129.5000333,2799.6358
GV058,58,2008,166.1216237,2601.0597
GV058,58,2009,135.9772079,2442.9064
GV058,58,2010,147.2531956,2746.3066
GV058,58,2011,169.0975806,2641.0965
GV058,58,2012,126.6123786,3011.8655
GV059,59,2002,116.2065627,2971.1419
GV059,59,2003,143.6550483,2992.0159
GV059,59,2004,132.9336133,2540.8217
GV059,59,2005,153.6142217,2773.24
GV059,59,2006,133.1467426,2691.72
GV059,59,2007,122.0704184,2896.5149
GV059,59,2008,159.2724923,2688.2168
GV059,59,2009,131.1841827,2531.805
GV059,59,2010,139.1004905,2828.7979
GV059,59,2011,163.2275533,2730.5523
GV059,59,2012,121.75074,3121.3351
GV060,60,2002,120.9803024,3199.7295
GV060,60,2003,145.0383046,3223.6553
GV060,60,2004,137.2756213,2790.1853
GV060,60,2005,158.5683037,3016.182
GV060,60,2006,137.8089768,2926.1619
GV060,60,2007,126.1340309,3137.1059
GV060,60,2008,162.2880457,2926.0178
GV060,60,2009,135.111142,2778.3938
GV060,60,2010,140.9333018,3065.3794
GV060,60,2011,165.2070792,2974.446
GV060,60,2012,128.5525818,3356.7652
GV061,61,2002,115.6804069,3109.9257
GV061,61,2003,140.8670771,3137.0444
GV061,61,2004,130.1871497,2695.007
GV061,61,2005,151.3396496,2923.5897
GV061,61,2006,132.2904658,2834.6117
GV061,61,2007,118.9018315,3045.6454
GV061,61,2008,157.1589458,2835.6626
GV061,61,2009,130.4322785,2683.1563
GV061,61,2010,135.3387199,2975.5718
GV061,61,2011,160.6084279,2880.1587
GV061,61,2012,118.9489952,3269.9232
GV062,62,2002,118.5137268,3033.2278
GV062,62,2003,142.3862915,3058.8627
GV062,62,2004,133.5380677,2622.329
GV062,62,2005,154.463278,2847.0055
GV062,62,2006,134.7437474,2760.854
GV062,62,2007,122.0496946,2971.0541
GV062,62,2008,158.949862,2761.4387
GV062,62,2009,132.5318301,2609.7926
GV062,62,2010,137.2765655,2899.6206
GV062,62,2011,162.0694203,2804.1962
GV062,62,2012,123.7063225,3196.639
GV063,63,2002,119.6853542,3166.5014
GV063,63,2003,143.6431695,3194.122
GV063,63,2004,135.3652072,2756.9123
GV063,63,2005,156.5985015,2982.2596
GV063,63,2006,136.1310823,2894.2252
GV063,63,2007,124.0108914,3103.7858
GV063,63,2008,160.6762604,2890.5276
GV063,63,2009,133.761724,2741.2796
GV063,63,2010,139.1139195,3031.0556
GV063,63,2011,163.5293889,2936.6779
GV063,63,2012,126.10497,3329.6351
GV064,64,2002,117.5260843,3256.6979
GV064,64,2003,141.7167951,3283.3755
GV064,64,2004,132.0548607,2856.6175
GV064,64,2005,153.8790784,3079.6931
GV064,64,2006,134.1731534,2988.1852
GV064,64,2007,121.0290123,3202.1552
GV064,64,2008,158.5471301,2988.1248
GV064,64,2009,131.492642,2837.2428
GV064,64,2010,136.32811,3125.7691
GV064,64,2011,161.6113571,3035.9653
GV064,64,2012,121.8798576,3426.0376
GV065,65,2002,119.4736134,3257.8035
GV065,65,2003,143.3215612,3284.1294
GV065,65,2004,134.479647,2856.771
GV065,65,2005,157.0385012,3078.6613
GV065,65,2006,136.3901854,2988.684
GV065,65,2007,123.9910345,3201.2893
GV065,65,2008,160.5555294,2987.4999
GV065,65,2009,132.8107756,2837.5696
GV065,65,2010,138.163889,3125.0238
GV065,65,2011,163.3822795,3034.6936
GV065,65,2012,125.5100328,3425.4703
GV066,66,2002,118.4583084,3273.5668
GV066,66,2003,142.1003996,3299.5853
GV066,66,2004,132.7324342,2871.2301
GV066,66,2005,155.4485153,3094.9909
GV066,66,2006,135.2806485,3001.7592
GV066,66,2007,122.3567414,3216.9332
GV066,66,2008,159.3304153,3001.4704
GV066,66,2009,131.68831,2852.0473
GV066,66,2010,136.575117,3139.9941
GV066,66,2011,162.1770069,3049.8494
GV066,66,2012,123.2160661,3440.3081
GV067,67,2002,119.5526316,3058.2324
GV067,67,2003,141.0467629,3091.1655
GV067,67,2004,132.5621775,2658.2535
GV067,67,2005,150.1581121,2880.4584
GV067,67,2006,133.0768593,2791.1829
GV067,67,2007,121.5239189,3001.0769
GV067,67,2008,154.983309,2795.8695
GV067,67,2009,131.8439348,2640.9748
GV067,67,2010,134.5666542,2929.2497
GV067,67,2011,159.2109485,2835.9239
GV067,67,2012,122.7968622,3219.143
GV068,68,2002,116.208983,3220.4993
GV068,68,2003,138.7349857,3250.8123
GV068,68,2004,127.9438131,2824.7845
GV068,68,2005,149.1569973,3044.8666
GV068,68,2006,131.0909581,2953.0361
GV068,68,2007,117.7163395,3165.0267
GV068,68,2008,154.1664279,2955.6409
GV068,68,2009,128.4201236,2802.008
GV068,68,2010,130.9613154,3089.9592
GV068,68,2011,157.6534655,2999.07
GV068,68,2012,117.6598181,3386.1015
GV069,69,2002,118.3652072,3206.7013
GV069,69,2003,140.7792419,3234.5747
GV069,69,2004,131.1935046,2806.5714
GV069,69,2005,152.8872122,3027.1037
GV069,69,2006,133.9622886,2935.8802
GV069,69,2007,120.9464637,3146.8768
GV069,69,2008,156.7671978,2938.3479
GV069,69,2009,130.1614945,2786.3946
GV069,69,2010,133.7861934,3073.5216
GV069,69,2011,160.3168732,2981.576
GV069,69,2012,121.7224101,3368.3643
GV070,70,2002,121.9343759,3134.0242
GV070,70,2003,143.0663474,3162.9315
GV070,70,2004,135.7684288,2734.5004
GV070,70,2005,156.7385529,2955.118
GV070,70,2006,137.1471066,2864.6942
GV070,70,2007,125.382295,3074.6758
GV070,70,2008,159.1027465,2866.844
GV070,70,2009,133.000022,2716.3833
GV070,70,2010,136.9569306,3002.4025
GV070,70,2011,162.4809588,2910.2379
GV070,70,2012,127.7050258,3294.9674
GV071,71,2002,118.433637,3269.8492
GV071,71,2003,140.8932182,3296.5884
GV071,71,2004,131.5381733,2871.9549
GV071,71,2005,153.0701002,3091.1937
GV071,71,2006,134.0217844,2998.3174
GV071,71,2007,121.090001,3210.9269
GV071,71,2008,156.9573807,2999.7239
GV071,71,2009,130.4955702,2848.3382
GV071,71,2010,134.0945694,3134.6475
GV071,71,2011,160.4111855,3044.4933
GV071,71,2012,122.0669523,3433.8773
GV072,72,2002,117.4505002,3257.41
GV072,72,2003,140.6878708,3285.0257
GV072,72,2004,130.5656187,2856.3431
GV072,72,2005,152.9622204,3075.9045
GV072,72,2006,133.7299937,2984.8968
GV072,72,2007,120.4304894,3195.7566
GV072,72,2008,157.1992401,2988.4469
GV072,72,2009,129.9048666,2833.8024
GV072,72,2010,134.01369,3122.3985
GV072,72,2011,160.5871565,3032.0058
GV072,72,2012,120.6785286,3419.8915
GV073,73,2002,115.9181599,3379.3572
GV073,73,2003,138.7944738,3405.1903
GV073,73,2004,126.5717324,2989.7243
GV073,73,2005,147.6925023,3205.3991
GV073,73,2006,129.5615732,3109.3286
GV073,73,2007,118.1367688,3325.2519
GV073,73,2008,151.7731862,3112.6396
GV073,73,2009,125.4242452,2959.1002
GV073,73,2010,129.6279446,3243.9988
GV073,73,2011,155.9809111,3158.3737
GV073,73,2012,116.2748087,3550.1635
GV074,74,2002,111.487443,3230.6893
GV074,74,2003,133.3005952,3250.2763
GV074,74,2004,118.4849863,2835.5037
GV074,74,2005,141.1816471,3048.5648
GV074,74,2006,124.5829865,2958.9817
GV074,74,2007,111.4031911,3172.8675
GV074,74,2008,148.5272448,2960.4878
GV074,74,2009,122.8102773,2796.5922
GV074,74,2010,123.6959953,3088.2623
GV074,74,2011,150.3310975,3001.1816
GV074,74,2012,107.6337582,3415.7459
GV075,75,2002,110.9771058,3351.391
GV075,75,2003,135.2672772,3372.0748
GV075,75,2004,119.6741304,2951.7342
GV075,75,2005,142.8824834,3169.3445
GV075,75,2006,125.3867136,3077.5039
GV075,75,2007,112.2711394,3287.7477
GV075,75,2008,150.3885213,3077.5949
GV075,75,2009,122.8761203,2918.8044
GV075,75,2010,125.9171734,3210.5177
GV075,75,2011,153.205909,3120.6825
GV075,75,2012,108.3566336,3519.5036
GV076,76,2002,113.5338855,3267.3467
GV076,76,2003,138.0208451,3286.634
GV076,76,2004,124.1088568,2863.0473
GV076,76,2005,145.5818505,3081.6615
GV076,76,2006,127.3871383,2992.198
GV076,76,2007,115.5832872,3199.9277
GV076,76,2008,151.4169084,2989.8823
GV076,76,2009,124.4506725,2830.7464
GV076,76,2010,128.2581308,3123.4103
GV076,76,2011,155.4789057,3031.0232
GV076,76,2012,113.8455674,3428.7805
GV077,77,2002,105.7358641,3084.3762
GV077,77,2003,133.4144657,3100.8953
GV077,77,2004,114.8748857,2660.674
GV077,77,2005,137.4452701,2882.1812
GV077,77,2006,121.1241802,2801.7042
GV077,77,2007,107.6337692,3000.905
GV077,77,2008,148.5904119,2794.5222
GV077,77,2009,121.2355982,2631.5486
GV077,77,2010,124.1686148,2930.4364
GV077,77,2011,151.3385526,2832.7093
GV077,77,2012,102.836431,3232.8146
GV078,78,2002,106.2059394,3179.0872
GV078,78,2003,134.4246874,3192.9414
GV078,78,2004,115.942276,2746.0067
GV078,78,2005,138.5407899,2973.1682
GV078,78,2006,122.0146043,2892.1369
GV078,78,2007,109.1355142,3087.3658
GV078,78,2008,149.7820347,2885.3121
GV078,78,2009,121.6040921,2719.1334
GV078,78,2010,125.9519009,3023.1889
GV078,78,2011,153.1292965,2923.2727
GV078,78,2012,102.4383552,3320.8118
GV079,79,2002,103.4916266,3071.3695
GV079,79,2003,133.2952159,3086.6578
GV079,79,2004,113.0025955,2626.4527
GV079,79,2005,135.5508123,2857.9165
GV079,79,2006,119.8247845,2777.8922
GV079,79,2007,107.4005714,2971.2857
GV079,79,2008,149.0078531,2777.1402
GV079,79,2009,120.5283827,2603.7582
GV079,79,2010,125.3736184,2913.7854
GV079,79,2011,152.0785392,2811.5564
GV079,79,2012,98.90458613,3201.9927
GV080,80,2002,107.4874059,2935.2807
GV080,80,2003,136.8453208,2950.7273
GV080,80,2004,119.1939463,2482.6078
GV080,80,2005,140.3763177,2716.6016
GV080,80,2006,123.7778957,2640.1689
GV080,80,2007,113.0248694,2831.0662
GV080,80,2008,151.7101623,2640.1906
GV080,80,2009,122.8811283,2465.9246
GV080,80,2010,129.8735929,2776.9024
GV080,80,2011,156.5363803,2672.3144
GV080,80,2012,103.7387967,3058.7524
GV081,81,2002,109.4084096,2965.1874
GV081,81,2003,137.497985,2981.8695
GV081,81,2004,121.8833956,2519.3068
GV081,81,2005,141.2731929,2750.148
GV081,81,2006,124.474067,2674.0157
GV081,81,2007,113.8242269,2866.5194
GV081,81,2008,151.5182085,2672.1253
GV081,81,2009,124.6060907,2502.5001
GV081,81,2010,129.7015288,2810.1437
GV081,81,2011,156.0997289,2706.0443
GV081,81,2012,108.8427479,3091.8757
GV082,82,2002,110.317391,2732.7902
GV082,82,2003,137.8883312,2747.5632
GV082,82,2004,122.7314035,2293.3
GV082,82,2005,142.4214577,2519.3173
GV082,82,2006,125.2564918,2450.9271
GV082,82,2007,114.087233,2639.9772
GV082,82,2008,151.5561645,2439.6788
GV082,82,2009,124.804732,2280.9464
GV082,82,2010,129.5196516,2576.6571
GV082,82,2011,156.2070369,2466.4151
GV082,82,2012,110.5511389,2859.4855
GV083,83,2002,111.043482,2911.2074
GV083,83,2003,137.5851865,2930.9114
GV083,83,2004,122.7952473,2486.0674
GV083,83,2005,142.8380644,2709.7863
GV083,83,2006,125.5250369,2634.5445
GV083,83,2007,113.7131516,2828.8517
GV083,83,2008,151.0076368,2626.7582
GV083,83,2009,124.7337337,2465.8695
GV083,83,2010,128.4787518,2764.3877
GV083,83,2011,155.3253862,2658.6813
GV083,83,2012,111.779293,3051.1906
GV084,84,2002,112.3360604,3054.0666
GV084,84,2003,138.7498382,3071.2218
GV084,84,2004,124.6836086,2630.0417
GV084,84,2005,145.1259634,2851.8756
GV084,84,2006,127.1054822,2772.9454
GV084,84,2007,115.4623934,2972.782
GV084,84,2008,152.1199325,2766.0526
GV084,84,2009,125.1697409,2603.5975
GV084,84,2010,129.7982077,2903.0403
GV084,84,2011,156.8337918,2802.8539
GV084,84,2012,113.4996153,3194.8765
GV085,85,2002,118.398822,3279.0804
GV085,85,2003,141.1075218,3305.4846
GV085,85,2004,130.6878892,2880.5392
GV085,85,2005,152.2871349,3099.66
GV085,85,2006,132.8599956,3006.8824
GV085,85,2007,121.7593558,3221.5096
GV085,85,2008,154.9851944,3009.8199
GV085,85,2009,127.868242,2852.5172
GV085,85,2010,132.8719354,3142.95
GV085,85,2011,159.0721615,3052.3692
GV085,85,2012,121.4781136,3429.5568
GV086,86,2002,115.4252925,3349.6842
GV086,86,2003,138.664111,3377.8161
GV086,86,2004,126.5150401,2955.8291
GV086,86,2005,147.8197061,3173.6223
GV086,86,2006,129.5615797,3080.7171
GV086,86,2007,117.6084755,3295.0294
GV086,86,2008,152.2681735,3082.1592
GV086,86,2009,125.8914043,2927.2916
GV086,86,2010,129.7738653,3214.6031
GV086,86,2011,156.2966622,3124.2485
GV086,86,2012,116.095596,3497.6243
GV087,87,2002,116.155053,3235.1352
GV087,87,2003,136.9724444,3263.2924
GV087,87,2004,126.2799089,2838.3661
GV087,87,2005,146.1541043,3056.4805
GV087,87,2006,129.3206984,2964.7706
GV087,87,2007,116.4084039,3178.3354
GV087,87,2008,151.7977649,2968.8408
GV087,87,2009,128.0814589,2812.9865
GV087,87,2010,128.7777707,3101.1688
GV087,87,2011,154.7376727,3012.0646
GV087,87,2012,116.2164847,3401.7654
GV088,88,2002,111.5740214,3362.055
GV088,88,2003,134.442619,3389.9704
GV088,88,2004,119.970239,2967.9733
GV088,88,2005,142.9213413,3186.35
GV088,88,2006,126.1581451,3092.9546
GV088,88,2007,112.0859177,3307.6394
GV088,88,2008,150.0429308,3093.8804
GV088,88,2009,123.7242543,2938.1462
GV088,88,2010,125.6884252,3226.5183
GV088,88,2011,152.6723106,3140.2959
GV088,88,2012,107.9203522,3533.3409
GV089,89,2002,112.8263033,3386.8469
GV089,89,2003,134.7006566,3413.8246
GV089,89,2004,121.1664176,2996.4904
GV089,89,2005,143.9764597,3212.2453
GV089,89,2006,127.1161129,3118.8667
GV089,89,2007,112.8206726,3333.0377
GV089,89,2008,150.6345787,3120.1258
GV089,89,2009,124.7210021,2965.1336
GV089,89,2010,125.8549979,3251.7282
GV089,89,2011,153.082367,3167.0975
GV089,89,2012,109.8370355,3560.7501
GV090,90,2002,116.9402287,3218.5159
GV090,90,2003,138.545972,3242.579
GV090,90,2004,127.1833455,2817.3188
GV090,90,2005,150.2413313,3035.1587
GV090,90,2006,131.9721046,2943.745
GV090,90,2007,118.4252901,3157.1452
GV090,90,2008,154.5034108,2946.7143
GV090,90,2009,127.2721875,2790.7813
GV090,90,2010,130.5113019,3080.0183
GV090,90,2011,157.7864339,2987.248
GV090,90,2012,116.9465562,3383.6246
GV091,91,2002,119.9867281,3219.9725
GV091,91,2003,141.148778,3242.8952
GV091,91,2004,131.6519381,2817.7255
GV091,91,2005,154.9804295,3036.7889
GV091,91,2006,135.4772802,2946.804
GV091,91,2007,122.7840399,3156.375
GV091,91,2008,157.6292544,2946.6651
GV091,91,2009,129.7970481,2794.6112
GV091,91,2010,133.8738722,3081.4083
GV091,91,2011,160.7997683,2989.3338
GV091,91,2012,122.9752141,3384.3947
GV092,92,2002,117.9333829,3280.3215
GV092,92,2003,139.9484794,3304.6024
GV092,92,2004,129.4040803,2875.3062
GV092,92,2005,152.1082678,3095.1374
GV092,92,2006,133.4291749,3006.8246
GV092,92,2007,120.067372,3215.3217
GV092,92,2008,156.0331589,3004.7932
GV092,92,2009,128.7140918,2850.9099
GV092,92,2010,132.3546527,3139.6571
GV092,92,2011,159.5573944,3046.9389
GV092,92,2012,119.7515158,3439.5237
GV093,93,2002,121.0341404,3246.9129
GV093,93,2003,142.0641085,3274.8096
GV093,93,2004,133.2890209,2849.0831
GV093,93,2005,156.6320105,3070.255
GV093,93,2006,136.7365382,2979.6295
GV093,93,2007,124.2863856,3190.8398
GV093,93,2008,158.8632423,2980.6156
GV093,93,2009,130.9945066,2823.2398
GV093,93,2010,135.1539157,3111.6588
GV093,93,2011,161.9098492,3023.2692
GV093,93,2012,125.1902204,3410.7191
GV094,94,2002,113.9167045,2922.732
GV094,94,2003,138.8037652,2950.0336
GV094,94,2004,126.625097,2509.3296
GV094,94,2005,145.6834609,2733.7012
GV094,94,2006,128.3834512,2651.0336
GV094,94,2007,115.9841834,2855.631
GV094,94,2008,152.4651541,2655.2911
GV094,94,2009,127.5805177,2498.6352
GV094,94,2010,130.5699296,2787.86
GV094,94,2011,156.8690285,2688.5296
GV094,94,2012,116.0030936,3072.6984
GV095,95,2002,109.0737197,3122.7604
GV095,95,2003,136.0027733,3143.4359
GV095,95,2004,120.4603333,2704.9151
GV095,95,2005,141.2382312,2927.6573
GV095,95,2006,124.4000764,2844.125
GV095,95,2007,111.0221861,3049.9816
GV095,95,2008,150.0881571,2841.3816
GV095,95,2009,124.1014107,2680.6051
GV095,95,2010,127.0792201,2976.8391
GV095,95,2011,154.0034276,2880.1637
GV095,95,2012,108.7297276,3274.0371
GV096,96,2002,108.6984856,3092.637
GV096,96,2003,136.6699122,3110.2278
GV096,96,2004,120.7954232,2669.2012
GV096,96,2005,141.5287949,2894.0561
GV096,96,2006,124.4637813,2810.5836
GV096,96,2007,111.6197658,3013.4982
GV096,96,2008,150.7000814,2807.0484
GV096,96,2009,123.9648363,2645.3505
GV096,96,2010,128.1066761,2942.6161
GV096,96,2011,155.0714529,2845.4832
GV096,96,2012,108.3320242,3237.7745
GV097,97,2002,114.4496254,2969.1437
GV097,97,2003,141.2076626,2986.6368
GV097,97,2004,128.7987541,2543.313
GV097,97,2005,149.6545755,2767.7601
GV097,97,2006,130.7037904,2688.8554
GV097,97,2007,119.1559867,2889.4859
GV097,97,2008,155.3831226,2682.8664
GV097,97,2009,127.4331424,2523.1311
GV097,97,2010,133.8769543,2820.2748
GV097,97,2011,160.4436231,2720.2556
GV097,97,2012,117.5060843,3113.9949
GV098,98,2002,115.3218473,2934.3187
GV098,98,2003,141.8877077,2950.9623
GV098,98,2004,130.1445808,2506.1718
GV098,98,2005,150.7169894,2730.6768
GV098,98,2006,131.6171288,2652.5151
GV098,98,2007,120.2777051,2853.3164
GV098,98,2008,156.1243636,2646.5521
GV098,98,2009,128.3034336,2489.8707
GV098,98,2010,134.8635618,2785.1412
GV098,98,2011,161.210642,2685.2392
GV098,98,2012,119.1755601,3076.8987
GV099,99,2002,116.3372119,3114.4019
GV099,99,2003,142.9955718,3132.9826
GV099,99,2004,131.6783815,2693.3594
GV099,99,2005,152.2730626,2916.5835
GV099,99,2006,132.7139032,2833.4388
GV099,99,2007,121.9690803,3037.1178
GV099,99,2008,156.939819,2830.1183
GV099,99,2009,128.7894975,2673.6931
GV099,99,2010,136.0700939,2969.4446
GV099,99,2011,162.1959577,2871.7857
GV099,99,2012,121.2656866,3261.1624
GV100,100,2002,111.1960212,2979.8018
GV100,100,2003,139.8528614,2996.2947
GV100,100,2004,125.7357705,2546.4472
GV100,100,2005,145.835476,2771.226
GV100,100,2006,127.8308613,2694.4883
GV100,100,2007,116.1729055,2895.3239
GV100,100,2008,153.7657273,2689.2643
GV100,100,2009,126.1464612,2529.5828
GV100,100,2010,132.9306276,2825.9017
GV100,100,2011,159.1161207,2726.5466
GV100,100,2012,112.4914645,3118.8029
GV101,101,2002,116.9408457,2785.8949
GV101,101,2003,143.8646512,2816.184
GV101,101,2004,133.3703401,2358.0886
GV101,101,2005,153.1452693,2589.4043
GV101,101,2006,133.7003128,2509.6764
GV101,101,2007,123.5040298,2708.0519
GV101,101,2008,158.727074,2516.7656
GV101,101,2009,130.8174451,2355.2737
GV101,101,2010,138.7306433,2652.18
GV101,101,2011,163.7722511,2546.6752
GV101,101,2012,122.1503923,2925.9964
GV102,102,2002,117.0647672,2921.9873
GV102,102,2003,144.741637,2946.6472
GV102,102,2004,134.2272666,2489.5622
GV102,102,2005,154.5286983,2721.0251
GV102,102,2006,134.2279481,2641.3434
GV102,102,2007,124.6903483,2838.6677
GV102,102,2008,159.638399,2640.4762
GV102,102,2009,130.8109659,2481.0566
GV102,102,2010,139.649419,2780.175
GV102,102,2011,164.7500544,2677.6053
GV102,102,2012,123.2887984,3057.2251
GV103,103,2002,115.0913594,2812.2563
GV103,103,2003,143.4414061,2835.4344
GV103,103,2004,132.1259521,2365.3675
GV103,103,2005,150.7730794,2601.6959
GV103,103,2006,131.9343704,2525.7054
GV103,103,2007,122.4506221,2720.1105
GV103,103,2008,157.9214696,2525.0712
GV103,103,2009,130.1010366,2363.7462
GV103,103,2010,139.0601235,2667.6165
GV103,103,2011,163.4837187,2559.5788
GV103,103,2012,118.955326,2937.4604
GV104a,104a,2002,121.978886,2654.0161
GV104a,104a,2003,146.5377155,2684.9724
GV104a,104a,2004,139.5450566,2233.7464
GV104a,104a,2005,153.2696537,2460.1716
GV104a,104a,2006,135.6966952,2384.1691
GV104a,104a,2007,127.6867812,2582.6603
GV104a,104a,2008,158.4278332,2393.4761
GV104a,104a,2009,135.4670094,2235.5157
GV104a,104a,2010,142.3528685,2523.408
GV104a,104a,2011,164.4591346,2412.7752
GV104a,104a,2012,129.7013796,2797.4642
GV104b,104b,2002,115.8400343,2945.182
GV104b,104b,2003,141.6979648,2965.5898
GV104b,104b,2004,130.9846177,2516.1225
GV104b,104b,2005,150.4580828,2745.5052
GV104b,104b,2006,131.4239811,2667.0677
GV104b,104b,2007,119.7328822,2868.1128
GV104b,104b,2008,155.7790297,2661.3898
GV104b,104b,2009,129.5870686,2501.5597
GV104b,104b,2010,135.0135405,2799.8812
GV104b,104b,2011,160.3454058,2695.8219
GV104b,104b,2012,120.3905578,3100.3645
GV105,105,2002,118.3015991,3252.2785
GV105,105,2003,143.0503038,3278.8945
GV105,105,2004,133.1926793,2853.2583
GV105,105,2005,153.4001083,3073.8051
GV105,105,2006,133.6798517,2982.7884
GV105,105,2007,122.8186614,3195.9433
GV105,105,2008,156.5864049,2982.2868
GV105,105,2009,129.8215778,2830.5736
GV105,105,2010,135.8727792,3118.9316
GV105,105,2011,161.27457,3028.4673
GV105,105,2012,124.0251683,3418.4207
GV106,106,2002,116.6360899,3271.2824
GV106,106,2003,141.3295164,3296.0323
GV106,106,2004,130.2873027,2874.0438
GV106,106,2005,150.473346,3092.2744
GV106,106,2006,131.5484573,3000.5118
GV106,106,2007,120.1998488,3210.6676
GV106,106,2008,154.3946994,3000.3154
GV106,106,2009,127.9619788,2848.6657
GV106,106,2010,133.2274057,3133.9419
GV106,106,2011,159.2316622,3045.7798
GV106,106,2012,120.4646091,3434.119
GV107,107,2002,120.999423,3025.7997
GV107,107,2003,148.7122683,3049.4399
GV107,107,2004,138.4721724,2584.8518
GV107,107,2005,162.9986221,2824.2918
GV107,107,2006,140.0806658,2740.1602
GV107,107,2007,130.8500821,2944.5833
GV107,107,2008,168.7034407,2742.0114
GV107,107,2009,137.9060688,2584.98
GV107,107,2010,147.563546,2884.43
GV107,107,2011,170.7685224,2785.7817
GV107,107,2012,127.3322048,3161.5749
GV151,151,2002,114.0240124,2914.1403
GV151,151,2003,140.6065532,2945.1074
GV151,151,2004,128.5987401,2496.5602
GV151,151,2005,150.3144248,2728.6121
GV151,151,2006,131.2892641,2643.8847
GV151,151,2007,117.9229479,2849.9242
GV151,151,2008,157.1745368,2646.7764
GV151,151,2009,129.5141634,2498.0777
GV151,151,2010,135.7424006,2785.0569
GV151,151,2011,160.6374802,2685.9779
GV151,151,2012,115.9948189,3067.2545
GV152,152,2002,119.3341799,3187.426
GV152,152,2003,145.6252383,3212.29
GV152,152,2004,135.9813121,2771.738
GV152,152,2005,158.5171453,3000.902
GV152,152,2006,136.9664131,2912.575
GV152,152,2007,126.1055708,3121.6177
GV152,152,2008,162.4236618,2910.907
GV152,152,2009,133.4555301,2759.8108
GV152,152,2010,141.3448946,3050.68
GV152,152,2011,165.6798634,2955.2615
GV152,152,2012,126.6332972,3346.8037
GV153,153,2002,120.5189724,3184.5546
GV153,153,2003,145.9861223,3209.7241
GV153,153,2004,137.0333678,2770.3727
GV153,153,2005,160.6167436,2997.4088
GV153,153,2006,138.3920775,2910.9619
GV153,153,2007,127.1573647,3120.795
GV153,153,2008,164.3865963,2909.4315
GV153,153,2009,135.1839847,2759.2599
GV153,153,2010,142.2460148,3048.2988
GV153,153,2011,166.6854695,2953.6747
GV153,153,2012,128.2300686,3342.6493
GV154,154,2002,117.8707932,3186.5211
GV154,154,2003,143.7225953,3213.13
GV154,154,2004,133.6939728,2767.0259
GV154,154,2005,156.4597496,2996.7338
GV154,154,2006,135.465789,2909.324
GV154,154,2007,123.3119269,3120.1189
GV154,154,2008,161.5229003,2907.3655
GV154,154,2009,132.8311905,2755.4412
GV154,154,2010,139.9186081,3047.2714
GV154,154,2011,164.1470027,2951.3948
GV154,154,2012,123.2055888,3345.7735
GV155,155,2002,117.4623409,3184.1
GV155,155,2003,144.4141915,3213.188
GV155,155,2004,133.8710058,2769.6956
GV155,155,2005,156.0182349,2996.6371
GV155,155,2006,134.838491,2909.8581
GV155,155,2007,123.6795332,3122.3066
GV155,155,2008,161.0805403,2910.916
GV155,155,2009,132.1972204,2759.5989
GV155,155,2010,140.5217109,3049.2859
GV155,155,2011,164.2388175,2957.8658
GV155,155,2012,123.1493107,3344.085
GV156,156,2002,117.6339534,3176.4116
GV156,156,2003,144.7536579,3204.5801
GV156,156,2004,134.2942193,2758.5572
GV156,156,2005,156.0116959,2987.0146
GV156,156,2006,134.7877634,2900.1197
GV156,156,2007,123.9664807,3112.9612
GV156,156,2008,160.8740498,2900.7196
GV156,156,2009,132.1690882,2749.2611
GV156,156,2010,140.6907079,3040.1968
GV156,156,2011,164.2573312,2948.0609
GV156,156,2012,123.7524827,3335.2365
GV157,157,2002,113.4129437,3175.4694
GV157,157,2003,141.1702032,3202.7395
GV157,157,2004,128.7972564,2755.4679
GV157,157,2005,148.835808,2987.2084
GV157,157,2006,129.9457588,2896.6053
GV157,157,2007,117.7388835,3111.0274
GV157,157,2008,156.6343227,2897.7188
GV157,157,2009,129.6689113,2746.941
GV157,157,2010,136.8216229,3038.2083
GV157,157,2011,160.37043,2945.194
GV157,157,2012,115.5183779,3333.1339
GV158,158,2002,122.6553707,2750.773
GV158,158,2003,147.6238787,2788.1007
GV158,158,2004,140.47883,2330.5423
GV158,158,2005,160.7538441,2562.9955
GV158,158,2006,139.1526583,2481.8145
GV158,158,2007,129.3383516,2689.1834
GV158,158,2008,164.2434008,2491.7578
GV158,158,2009,137.0202606,2341.3873
GV158,158,2010,144.4716739,2626.9527
GV158,158,2011,167.2953002,2522.5086
GV158,158,2012,132.08223,2900.317
GV159,159,2002,118.3992129,3026.9252
GV159,159,2003,145.1315671,3053.5998
GV159,159,2004,135.1374138,2599.2564
GV159,159,2005,157.7405871,2832.1569
GV159,159,2006,136.3788936,2748.1113
GV159,159,2007,125.1828821,2957.508
GV159,159,2008,163.0951127,2748.496
GV159,159,2009,133.9032246,2596.1226
GV159,159,2010,142.2009333,2889.0173
GV159,159,2011,165.8331205,2793.3882
GV159,159,2012,124.3583072,3177.8579
GV160,160,2002,114.5086768,2927.3701
GV160,160,2003,142.8713962,2955.1877
GV160,160,2004,130.978499,2496.879
GV160,160,2005,150.4288548,2731.8881
GV160,160,2006,131.0910147,2651.91
GV160,160,2007,120.0037707,2857.7822
GV160,160,2008,157.5300057,2646.8674
GV160,160,2009,130.2639823,2497.3148
GV160,160,2010,138.687718,2789.7037
GV160,160,2011,161.854499,2690.1764
GV160,160,2012,118.0382128,3074.818
GV161,161,2002,123.1852629,2918.9186
GV161,161,2003,148.2838158,2948.366
GV161,161,2004,141.4672937,2488.4718
GV161,161,2005,160.7194891,2725.1449
GV161,161,2006,139.6666063,2643.9228
GV161,161,2007,130.5865102,2848.8173
GV161,161,2008,165.294068,2644.727
GV161,161,2009,138.3678778,2494.1603
GV161,161,2010,146.5551116,2785.8009
GV161,161,2011,168.4252548,2686.1559
GV161,161,2012,132.0728823,3063.1263
GV162,162,2002,120.2016537,3028.2737
GV162,162,2003,147.4205509,3055.5805
GV162,162,2004,137.901516,2597.0189
GV162,162,2005,160.7129665,2832.6016
GV162,162,2006,138.4780563,2749.0925
GV162,162,2007,128.6970269,2956.089
GV162,162,2008,165.7432368,2746.8671
GV162,162,2009,135.9999577,2594.9352
GV162,162,2010,145.3017741,2890.6542
GV162,162,2011,168.3890113,2791.4169
GV162,162,2012,127.4465991,3172.7886
GV163,163,2002,120.6346249,2787.9707
GV163,163,2003,148.0406733,2821.6947
GV163,163,2004,138.6890317,2353.1714
GV163,163,2005,161.0494045,2592.8482
GV163,163,2006,138.7326744,2511.8454
GV163,163,2007,129.5423339,2716.7142
GV163,163,2008,166.0209887,2516.1231
GV163,163,2009,136.3758114,2364.9962
GV163,163,2010,146.0992947,2656.8776
GV163,163,2011,168.834453,2553.4458
GV163,163,2012,128.2246947,2924.8417
GV164,164,2002,120.9640419,2999.1334
GV164,164,2003,148.3342562,3023.162
GV164,164,2004,138.5221623,2557.6804
GV164,164,2005,162.6517301,2796.5739
GV164,164,2006,139.8431012,2714.2896
GV164,164,2007,130.3542493,2919.3557
GV164,164,2008,168.0712728,2715.2068
GV164,164,2009,137.5671422,2559.343
GV164,164,2010,146.9769366,2858.3865
GV164,164,2011,170.1513853,2758.8651
GV164,164,2012,127.7133871,3135.8356
GV165,165,2002,122.3668026,2868.5145
GV165,165,2003,149.2744562,2899.1171
GV165,165,2004,140.5684998,2428.2282
GV165,165,2005,163.4313566,2668.5649
GV165,165,2006,140.477696,2588.1555
GV165,165,2007,131.6402022,2791.5216
GV165,165,2008,168.1090691,2585.4182
GV165,165,2009,138.443127,2436.3381
GV165,165,2010,147.7276525,2729.4452
GV165,165,2011,170.4140484,2627.8713
GV165,165,2012,130.5459112,3000.1108
GV167,167,2002,116.7032998,2806.5314
GV167,167,2003,145.6999671,2833.4303
GV167,167,2004,134.2061695,2347.8798
GV167,167,2005,154.4554172,2594.2248
GV167,167,2006,134.3133528,2516.6398
GV167,167,2007,125.3117093,2716.8543
GV167,167,2008,161.8485303,2514.3553
GV167,167,2009,132.7710324,2357.423
GV167,167,2010,144.3811541,2659.4574
GV167,167,2011,165.8677924,2554.9532
GV167,167,2012,120.2249612,2931.0821
GV168,168,2002,124.6441342,2979.8406
GV168,168,2003,151.412891,3004.0667
GV168,168,2004,142.3685874,2522.3867
GV168,168,2005,167.4793237,2767.9093
GV168,168,2006,143.4160386,2686.2719
GV168,168,2007,134.6057055,2889.4986
GV168,168,2008,172.2997601,2684.4155
GV168,168,2009,142.1002282,2528.1714
GV168,168,2010,150.0032697,2830.4409
GV168,168,2011,173.8490173,2729.3103
GV168,168,2012,131.9423781,3105.19
GV169,169,2002,123.5312757,2956.5095
GV169,169,2003,151.4533798,2977.1336
GV169,169,2004,141.3787357,2491.1031
GV169,169,2005,166.2410362,2739.7435
GV169,169,2006,142.7305277,2659.3061
GV169,169,2007,134.9683968,2862.6014
GV169,169,2008,171.9851105,2656.0962
GV169,169,2009,141.0775873,2499.6034
GV169,169,2010,151.1198703,2804.0294
GV169,169,2011,174.0450799,2702.3183
GV169,169,2012,129.6770477,3079.5363
GV170,170,2002,122.7717341,2831.5304
GV170,170,2003,150.7059507,2856.5405
GV170,170,2004,139.8903992,2360.5655
GV170,170,2005,164.7155777,2613.8461
GV170,170,2006,142.1200606,2533.8493
GV170,170,2007,133.8504934,2735.744
GV170,170,2008,171.3513015,2536.2792
GV170,170,2009,140.5839503,2378.0128
GV170,170,2010,150.7713831,2683.3006
GV170,170,2011,173.5966447,2575.479
GV170,170,2012,126.7432879,2945.8154
GV171,171,2002,133.0493935,2745.9541
GV171,171,2003,158.3415958,2775.0068
GV171,171,2004,151.6115091,2253.3921
GV171,171,2005,176.0725617,2518.1168
GV171,171,2006,150.1475704,2441.6544
GV171,171,2007,144.0794878,2640.5757
GV171,171,2008,179.8535884,2440.6347
GV171,171,2009,151.3924634,2288.9212
GV171,171,2010,157.3421262,2588.5385
GV171,171,2011,181.106488,2478.5378
GV171,171,2012,140.477227,2844.5176
GV172,172,2002,127.4625487,2541.8338
GV172,172,2003,154.3971315,2582.3763
GV172,172,2004,145.2803146,2047.8991
GV172,172,2005,169.5793751,2316.7069
GV172,172,2006,145.6434597,2241.4842
GV172,172,2007,139.5470725,2438.1861
GV172,172,2008,175.4297642,2248.8188
GV172,172,2009,145.192555,2095.9368
GV172,172,2010,155.5699545,2390.864
GV172,172,2011,177.0960951,2277.6169
GV172,172,2012,132.1361001,2635.279
GV174,174,2002,131.309269,2449.9322
GV174,174,2003,156.3066675,2488.8241
GV174,174,2004,150.1773417,1945.4326
GV174,174,2005,171.9494876,2217.4473
GV174,174,2006,148.1323195,2144.7652
GV174,174,2007,143.2204018,2340.8522
GV174,174,2008,176.7360227,2160.864
GV174,174,2009,148.1400181,1999.9198
GV174,174,2010,157.9929623,2295.5113
GV174,174,2011,178.4874105,2183.7704
GV174,174,2012,137.9295344,2538.4413
GV175,175,2002,122.6541984,2711.6576
GV175,175,2003,150.7755838,2742.6446
GV175,175,2004,140.4157511,2207.4968
GV175,175,2005,162.4875896,2478.0417
GV175,175,2006,140.7618639,2402.7526
GV175,175,2007,134.6408056,2599.7739
GV175,175,2008,169.5529927,2402.543
GV175,175,2009,138.9944575,2244.8192
GV175,175,2010,152.8722689,2551.4317
GV175,175,2011,172.318541,2438.7612
GV175,175,2012,125.781828,2805.2578
GV176,176,2002,127.2050204,2774.0496
GV176,176,2003,154.8636881,2798.3049
GV176,176,2004,145.8503109,2284.5037
GV176,176,2005,169.1216185,2543.614
GV176,176,2006,145.2955782,2468.5394
GV176,176,2007,139.9395698,2666.842
GV176,176,2008,174.5091217,2463.6947
GV176,176,2009,144.3305991,2310.5971
GV176,176,2010,155.6080708,2616.1021
GV176,176,2011,176.9955819,2506.121
GV176,176,2012,132.9308732,2870.7458
GV177,177,2002,121.3893247,2955.9592
GV177,177,2003,146.7874003,2983.4352
GV177,177,2004,138.8270771,2520.3415
GV177,177,2005,160.2769746,2757.9044
GV177,177,2006,138.7633816,2676.9942
GV177,177,2007,128.1970185,2882.9805
GV177,177,2008,164.757853,2674.8654
GV177,177,2009,136.6806385,2523.5101
GV177,177,2010,144.2141942,2818.3204
GV177,177,2011,167.388908,2716.8261
GV177,177,2012,129.3342956,3101.4579
GV178,178,2002,121.7382501,3013.2823
GV178,178,2003,148.0485064,3037.1857
GV178,178,2004,139.1192229,2581.9211
GV178,178,2005,162.9256664,2814.4958
GV178,178,2006,140.3996554,2733.1312
GV178,178,2007,130.2436777,2938.0212
GV178,178,2008,167.736508,2731.1145
GV178,178,2009,137.9327671,2583.8243
GV178,178,2010,146.2407561,2874.4444
GV178,178,2011,169.7620948,2773.9494
GV178,178,2012,129.1361039,3151.6373
GV180,180,2002,123.4832761,2684.3207
GV180,180,2003,150.4893753,2711.2916
GV180,180,2004,142.1887269,2218.8101
GV180,180,2005,164.050819,2467.6533
GV180,180,2006,142.315578,2391.2129
GV180,180,2007,135.2852212,2584.0595
GV180,180,2008,170.9641181,2398.0252
GV180,180,2009,140.8803257,2235.8372
GV180,180,2010,151.9510775,2543.3539
GV180,180,2011,173.8203975,2434.4194
GV180,180,2012,129.0737123,2790.6521
GV181,181,2002,117.0164164,2783.9102
GV181,181,2003,146.611022,2810.2128
GV181,181,2004,133.8201233,2312.7576
GV181,181,2005,156.6015615,2565.7886
GV181,181,2006,137.0165283,2485.0723
GV181,181,2007,128.5469154,2681.8245
GV181,181,2008,166.1624882,2490.5932
GV181,181,2009,134.9037041,2325.469
GV181,181,2010,148.3390604,2637.6205
GV181,181,2011,169.9504066,2532.4319
GV181,181,2012,117.6700266,2889.5009
GV182,182,2002,118.1687026,2676.7147
GV182,182,2003,147.2157878,2704.1707
GV182,182,2004,135.0951781,2203.5904
GV182,182,2005,157.671494,2458.415
GV182,182,2006,138.2322253,2380.3773
GV182,182,2007,129.8137835,2574.3209
GV182,182,2008,167.0088984,2386.0297
GV182,182,2009,135.9704739,2222.5519
GV182,182,2010,149.3260021,2531.3744
GV182,182,2011,170.7414887,2423.8321
GV182,182,2012,118.8562189,2782.5147
GV183,183,2002,132.9048635,2706.6817
GV183,183,2003,159.1608488,2729.2167
GV183,183,2004,150.2616746,2222.254
GV183,183,2005,175.7235241,2480.3428
GV183,183,2006,151.9069657,2401.766
GV183,183,2007,144.4363487,2597.4268
GV183,183,2008,182.023398,2406.5329
GV183,183,2009,153.6101203,2242.9628
GV183,183,2010,158.2791604,2556.5718
GV183,183,2011,184.6888617,2445.304
GV183,183,2012,135.5357178,2800.2141
GV184,184,2002,142.2251152,2611.4223
GV184,184,2003,166.9730996,2640.9847
GV184,184,2004,159.6123194,2120.2662
GV184,184,2005,183.5694714,2383.3419
GV184,184,2006,159.1152493,2308.281
GV184,184,2007,151.4125324,2499.1073
GV184,184,2008,188.5672321,2314.095
GV184,184,2009,163.7558041,2153.6266
GV184,184,2010,163.0181042,2462.998
GV184,184,2011,191.8897736,2350.2058
GV184,184,2012,142.8008354,2692.8995
GV185,185,2002,133.8356456,2469.2056
GV185,185,2003,160.08788,2499.9317
GV185,185,2004,152.7115394,1962.7843
GV185,185,2005,175.376482,2231.1581
GV185,185,2006,152.7420763,2158.8307
GV185,185,2007,146.5756439,2343.0256
GV185,185,2008,181.6453305,2170.8835
GV185,185,2009,153.7671736,2005.3073
GV185,185,2010,161.2070077,2320.6886
GV185,185,2011,184.9094272,2203.0297
GV185,185,2012,135.8748809,2534.6718
GV186,186,2002,151.5497759,2347.9844
GV186,186,2003,174.3936062,2373.8388
GV186,186,2004,172.4492568,1841.9038
GV186,186,2005,188.5044366,2105.9292
GV186,186,2006,165.7611617,2037.7679
GV186,186,2007,161.132784,2218.2945
GV186,186,2008,191.6229679,2046.776
GV186,186,2009,170.9135186,1890.9802
GV186,186,2010,170.7685339,2193.7921
GV186,186,2011,196.5413662,2076.8319
GV186,186,2012,152.36593,2396.7139
GV187,187,2002,124.8799026,2686.6566
GV187,187,2003,149.2521001,2720.5456
GV187,187,2004,143.0296592,2255.8537
GV187,187,2005,164.1117378,2490.7671
GV187,187,2006,142.4049722,2415.3188
GV187,187,2007,132.9050755,2617.591
GV187,187,2008,168.2168065,2417.0904
GV187,187,2009,140.5531437,2270.5259
GV187,187,2010,147.8159322,2557.0018
GV187,187,2011,170.6544935,2445.5877
GV187,187,2012,134.3049041,2825.4259
GV188,188,2002,119.6397741,2969.726
GV188,188,2003,146.39342,2995.5532
GV188,188,2004,137.0807689,2531.8074
GV188,188,2005,158.9298423,2767.5958
GV188,188,2006,138.4812437,2687.8152
GV188,188,2007,128.1744151,2889.9502
GV188,188,2008,165.1339133,2685.5941
GV188,188,2009,135.9232624,2532.5179
GV188,188,2010,145.1776352,2829.5754
GV188,188,2011,168.3715237,2727.1641
GV188,188,2012,124.9431499,3103.2746
GV189,189,2002,139.0759786,2726.8386
GV189,189,2003,163.0578372,2746.0911
GV189,189,2004,156.0202875,2248.4087
GV189,189,2005,181.2754025,2496.9465
GV189,189,2006,157.4692661,2425.5205
GV189,189,2007,148.3746056,2617.2139
GV189,189,2008,185.6830825,2426.667
GV189,189,2009,159.7998369,2266.4279
GV189,189,2010,159.0080676,2572.8284
GV189,189,2011,188.7986819,2463.4641
GV189,189,2012,141.4546707,2823.8981
GV190,190,2002,139.3112331,2371.4588
GV190,190,2003,162.6198474,2402.2896
GV190,190,2004,157.6781889,1892.0715
GV190,190,2005,179.6754185,2146.0564
GV190,190,2006,158.1459526,2078.4518
GV190,190,2007,150.3180535,2255.4041
GV190,190,2008,184.4774823,2075.9352
GV190,190,2009,158.8243363,1932.3302
GV190,190,2010,161.5111513,2223.5267
GV190,190,2011,188.6275987,2106.9623
GV190,190,2012,140.7972197,2431.81
GV191,191,2002,137.1608772,2348.1515
GV191,191,2003,157.7541774,2382.867
GV191,191,2004,154.8618431,1895.9622
GV191,191,2005,174.3017776,2137.3822
GV191,191,2006,153.9278004,2068.0944
GV191,191,2007,148.1277611,2254.9526
GV191,191,2008,179.1477416,2074.31
GV191,191,2009,154.415071,1928.0937
GV191,191,2010,159.6670337,2210.7793
GV191,191,2011,181.8367227,2097.1724
GV191,191,2012,146.3676946,2443.8984
GV192,192,2002,119.0249574,2959.7076
GV192,192,2003,145.2261611,2985.0752
GV192,192,2004,136.1559714,2523.8593
GV192,192,2005,156.3916948,2760.235
GV192,192,2006,136.5589295,2679.3306
GV192,192,2007,125.6938458,2883.823
GV192,192,2008,162.4854372,2678.3845
GV192,192,2009,134.8302315,2525.6326
GV192,192,2010,142.9375532,2820.9166
GV192,192,2011,166.001914,2720.0235
GV192,192,2012,124.4955181,3099.2935
GV194,194,2002,124.3505037,2665.7085
GV194,194,2003,148.7414122,2696.7658
GV194,194,2004,142.3383631,2226.9619
GV194,194,2005,161.574,2464.7639
GV194,194,2006,141.7461963,2388.9844
GV194,194,2007,132.6455701,2586.4239
GV194,194,2008,166.7622793,2390.2128
GV194,194,2009,139.9090403,2242.6303
GV194,194,2010,147.9659761,2531.1383
GV194,194,2011,170.2682544,2418.5529
GV194,194,2012,132.2713555,2789.4579
GV195,195,2002,122.635137,2701.8069
GV195,195,2003,149.1325072,2723.2532
GV195,195,2004,140.3836718,2224.1641
GV195,195,2005,162.4015615,2476.9162
GV195,195,2006,142.7228928,2401.5472
GV195,195,2007,134.0417345,2597.851
GV195,195,2008,169.128653,2407.2261
GV195,195,2009,139.1838596,2244.2743
GV195,195,2010,150.1024855,2550.0733
GV195,195,2011,172.9435835,2439.9385
GV195,195,2012,126.4564142,2806.2355
GV196,196,2002,140.0298517,2379.5589
GV196,196,2003,163.7184289,2400.0463
GV196,196,2004,161.6288242,1881.1367
GV196,196,2005,179.4357138,2135.1391
GV196,196,2006,157.441087,2067.5344
GV196,196,2007,154.2224822,2233.5776
GV196,196,2008,182.709187,2076.9062
GV196,196,2009,156.3981087,1908.1592
GV196,196,2010,162.6656346,2221.1383
GV196,196,2011,188.1750387,2099.498
GV196,196,2012,144.6216303,2420.2544
GV197,197,2002,150.202011,2039.3866
GV197,197,2003,175.366256,2067.5558
GV197,197,2004,175.5527176,1530.0242
GV197,197,2005,189.029761,1792.3654
GV197,197,2006,168.1628759,1724.527
GV197,197,2007,164.2388838,1877.0041
GV197,197,2008,191.7963894,1737.9261
GV197,197,2009,173.6319342,1567.2388
GV197,197,2010,169.5926261,1886.5088
GV197,197,2011,197.7388652,1757.5669
GV197,197,2012,150.4919927,2042.1721
GV198,198,2002,148.5505309,2113.2565
GV198,198,2003,173.982376,2140.9773
GV198,198,2004,173.5260933,1603.0033
GV198,198,2005,189.5638347,1866.9648
GV198,198,2006,165.0766829,1798.1727
GV198,198,2007,160.0101392,1955.4546
GV198,198,2008,193.989768,1807.5504
GV198,198,2009,173.2993269,1630.4629
GV198,198,2010,169.5695798,1960.1811
GV198,198,2011,197.1092112,1830.3712
GV198,198,2012,149.0765326,2129.714
GV199,199,2002,144.544485,2337.911
GV199,199,2003,168.9495653,2362.9119
GV199,199,2004,167.2887368,1845.1042
GV199,199,2005,186.0581077,2098.7961
GV199,199,2006,159.9984129,2029.4511
GV199,199,2007,155.9768065,2198.5805
GV199,199,2008,190.1769125,2038.6123
GV199,199,2009,165.362568,1866.0492
GV199,199,2010,166.2624642,2183.6058
GV199,199,2011,193.3635767,2063.8949
GV199,199,2012,147.3037239,2388.3304
GV200,200,2002,138.9025278,2461.834
GV200,200,2003,163.6633671,2483.0595
GV200,200,2004,160.2378641,1965.8789
GV200,200,2005,179.8910594,2222.7359
GV200,200,2006,156.2845268,2150.9389
GV200,200,2007,151.7018176,2324.882
GV200,200,2008,184.4445001,2159.4473
GV200,200,2009,158.1692816,1991.2937
GV200,200,2010,162.7954469,2304.577
GV200,200,2011,188.6534642,2188.9703
GV200,200,2012,143.2201256,2516.6675
GV201,201,2002,137.1120432,2057.4679
GV201,201,2003,156.7006499,2099.7942
GV201,201,2004,153.4799442,1603.9881
GV201,201,2005,171.7827601,1850.4019
GV201,201,2006,155.3965585,1781.8107
GV201,201,2007,148.8285967,1956.882
GV201,201,2008,177.1455477,1805.6146
GV201,201,2009,152.1831583,1650.5253
GV201,201,2010,159.3546905,1931.1655
GV201,201,2011,181.9953065,1824.3864
GV201,201,2012,142.8515676,2133.9336
GV202,202,2002,135.2706214,2228.0492
GV202,202,2003,157.13656,2253.3599
GV202,202,2004,153.2183569,1751.3552
GV202,202,2005,172.8829636,1996.5854
GV202,202,2006,154.6540454,1928.8962
GV202,202,2007,147.7446278,2108.4966
GV202,202,2008,177.4032955,1947.3528
GV202,202,2009,150.4817566,1789.0966
GV202,202,2010,158.5139964,2079.1891
GV202,202,2011,182.4829037,1967.6292
GV202,202,2012,139.2100007,2299.089
GV203,203,2002,138.8253732,2402.4145
GV203,203,2003,160.4300924,2421.8964
GV203,203,2004,157.2534727,1911.2739
GV203,203,2005,176.7820469,2160.4982
GV203,203,2006,158.0774157,2094.103
GV203,203,2007,151.1620598,2274.2628
GV203,203,2008,180.8490695,2102.5506
GV203,203,2009,154.9861231,1945.1518
GV203,203,2010,160.9401217,2241.9201
GV203,203,2011,186.2205429,2128.9327
GV203,203,2012,141.6824251,2464.4922
GV204,204,2002,140.4644321,2152.5996
GV204,204,2003,163.4137997,2177.7526
GV204,204,2004,161.1747043,1658.4048
GV204,204,2005,177.5535649,1911.1789
GV204,204,2006,159.324888,1842.7066
GV204,204,2007,154.4873354,2019.3691
GV204,204,2008,180.8961803,1869.011
GV204,204,2009,156.0638639,1703.7385
GV204,204,2010,163.9280506,1997.8532
GV204,204,2011,187.7619393,1889.2993
GV204,204,2012,143.6672051,2204.8733
GV205,205,2002,145.1115886,2402.7838
GV205,205,2003,167.5647104,2417.4564
GV205,205,2004,163.7662125,1892.2088
GV205,205,2005,183.5770021,2149.2238
GV205,205,2006,164.0801497,2084.9086
GV205,205,2007,155.5096675,2260.6962
GV205,205,2008,187.1921595,2091.634
GV205,205,2009,164.1179788,1927.8596
GV205,205,2010,164.1548784,2234.1577
GV205,205,2011,193.4818389,2119.5364
GV205,205,2012,143.9598907,2454.1583
GV206,206,2002,117.3431453,3238.57
GV206,206,2003,134.2498308,3247.0787
GV206,206,2004,118.4060664,2838.3825
GV206,206,2005,139.5345788,3043.0551
GV206,206,2006,124.2242545,2955.2271
GV206,206,2007,113.1877637,3161.7495
GV206,206,2008,148.0045389,2960.4489
GV206,206,2009,121.9643126,2790.4647
GV206,206,2010,123.202795,3083.9511
GV206,206,2011,148.2544694,2996.687
GV206,206,2012,112.5769588,3414.6267
GV207,207,2002,137.9607517,2577.3313
GV207,207,2003,162.0676177,2613.2742
GV207,207,2004,157.0371827,2089.6382
GV207,207,2005,178.7544769,2354.0768
GV207,207,2006,152.8159817,2279.6856
GV207,207,2007,149.5895301,2478.2756
GV207,207,2008,182.002955,2279.347
GV207,207,2009,155.3319876,2135.2563
GV207,207,2010,162.0334226,2424.2133
GV207,207,2011,183.6138937,2312.5466
GV207,207,2012,146.2593175,2672.2026
GV208,208,2002,132.4110172,2823.5983
GV208,208,2003,158.332374,2853.9668
GV208,208,2004,151.4135896,2365.2699
GV208,208,2005,175.5435422,2615.0452
GV208,208,2006,146.8209447,2539.0846
GV208,208,2007,143.412922,2741.9422
GV208,208,2008,178.5130464,2533.374
GV208,208,2009,148.9821444,2387.4373
GV208,208,2010,158.2912369,2685.2535
GV208,208,2011,178.0250396,2579.4401
GV208,208,2012,141.4356108,2949.1137
GV209,209,2002,102.0641233,3670.803
GV209,209,2003,121.2277171,3692.5708
GV209,209,2004,95.2683435,3303.7775
GV209,209,2005,119.3351358,3500.3368
GV209,209,2006,110.4983811,3400.0008
GV209,209,2007,95.75403416,3618.7321
GV209,209,2008,136.8591145,3414.9294
GV209,209,2009,109.2466713,3244.182
GV209,209,2010,111.7097827,3527.6069
GV209,209,2011,129.3970333,3456.3325
GV209,209,2012,97.46252077,3873.8358
GV210,210,2002,136.0178465,2871.576
GV210,210,2003,160.5889552,2896.7309
GV210,210,2004,155.2956143,2398.4086
GV210,210,2005,177.5287889,2654.4723
GV210,210,2006,150.4273076,2576.5029
GV210,210,2007,147.2783759,2779.5789
GV210,210,2008,180.4330821,2570.6068
GV210,210,2009,152.9714344,2421.0554
GV210,210,2010,160.5354392,2721.5268
GV210,210,2011,181.1417537,2615.6057
GV210,210,2012,145.7275902,2990.1014
GV211,211,2002,136.3662421,2685.2426
GV211,211,2003,159.5943029,2719.134
GV211,211,2004,154.2988695,2239.245
GV211,211,2005,179.7969021,2485.928
GV211,211,2006,150.0126926,2409.2402
GV211,211,2007,145.3673762,2614.9641
GV211,211,2008,182.482402,2406.7012
GV211,211,2009,154.087992,2269.2757
GV211,211,2010,159.5122925,2558.1505
GV211,211,2011,180.2205628,2452.1085
GV211,211,2012,144.718962,2810.6294
GV212,212,2002,133.3648815,2899.1938
GV212,212,2003,158.0556836,2928.5808
GV212,212,2004,152.008861,2448.5249
GV212,212,2005,176.4623222,2696.3148
GV212,212,2006,146.7296503,2616.3484
GV212,212,2007,143.3332545,2825.7003
GV212,212,2008,178.8919227,2613.9659
GV212,212,2009,149.482326,2466.0736
GV212,212,2010,158.4040764,2762.2205
GV212,212,2011,177.0566453,2660.8793
GV212,212,2012,142.9184527,3032.7952
GV213,213,2002,108.7391815,3452.1041
GV213,213,2003,128.0030702,3466.9021
GV213,213,2004,106.3016504,3064.8641
GV213,213,2005,129.4699061,3266.9005
GV213,213,2006,116.5490552,3174.1019
GV213,213,2007,104.4565728,3388.5375
GV213,213,2008,142.4785035,3187.2306
GV213,213,2009,115.5458576,3012.5319
GV213,213,2010,116.888933,3307.1692
GV213,213,2011,139.5236767,3226.1473
GV213,213,2012,103.091919,3643.5641
GV214,214,2002,119.1279813,3657.5948
GV214,214,2003,133.2742132,3675.8428
GV214,214,2004,121.237547,3280.9741
GV214,214,2005,141.6492395,3482.5995
GV214,214,2006,125.8728129,3381.1569
GV214,214,2007,116.5593518,3609.5802
GV214,214,2008,147.5236714,3396.2135
GV214,214,2009,122.4801351,3233.8838
GV214,214,2010,126.5964186,3513.5008
GV214,214,2011,147.8700839,3443.7522
GV214,214,2012,111.2635053,3865.7706
GV250,250,2002,138.2014317,2706.8091
GV250,250,2003,161.074223,2741.1848
GV250,250,2004,156.7097214,2257.3997
GV250,250,2005,180.998502,2505.697
GV250,250,2006,150.9321125,2427.3387
GV250,250,2007,147.3603256,2634.368
GV250,250,2008,182.9545728,2427.8537
GV250,250,2009,155.3443347,2287.6083
GV250,250,2010,160.8312238,2577.6868
GV250,250,2011,180.9347362,2472.2007
GV250,250,2012,147.9639593,2833.0915
GV251,251,2002,143.3650824,2400.7192
GV251,251,2003,165.3602134,2427.1908
GV251,251,2004,162.2610564,1899.296
GV251,251,2005,182.8597357,2161.6039
GV251,251,2006,157.6666606,2095.2985
GV251,251,2007,154.1495571,2282.2686
GV251,251,2008,186.8305102,2101.4232
GV251,251,2009,161.2048841,1949.0538
GV251,251,2010,167.2151903,2249.1914
GV251,251,2011,187.8792214,2132.6995
GV251,251,2012,145.1634204,2469.7974
GV252,252,2002,148.2403077,2305.9142
GV252,252,2003,170.4788588,2334.2466
GV252,252,2004,168.0480644,1797.7485
GV252,252,2005,186.6912486,2064.1542
GV252,252,2006,161.9134809,1995.4811
GV252,252,2007,158.6500656,2181.4257
GV252,252,2008,189.8719985,2006.8337
GV252,252,2009,166.4631293,1854.1817
GV252,252,2010,170.3608925,2153.6456
GV252,252,2011,192.2142923,2038.9232
GV252,252,2012,148.3251188,2363.6403
GV253,253,2002,141.9557371,2336.5417
GV253,253,2003,167.089313,2364.6694
GV253,253,2004,162.216038,1823.6358
GV253,253,2005,181.1864519,2087.7543
GV253,253,2006,160.3441857,2019.191
GV253,253,2007,155.0724599,2204.6602
GV253,253,2008,184.6719085,2036.7793
GV253,253,2009,160.183686,1874.3111
GV253,253,2010,165.9887123,2179.2245
GV253,253,2011,190.5672224,2066.2026
GV253,253,2012,141.9256714,2387.1713
GV254,254,2002,151.8466118,2253.3992
GV254,254,2003,175.3598923,2276.3711
GV254,254,2004,172.7154107,1738.9518
GV254,254,2005,188.8337178,2001.0766
GV254,254,2006,169.2012095,1936.3817
GV254,254,2007,162.129259,2114.2049
GV254,254,2008,191.7761264,1948.1918
GV254,254,2009,172.1280078,1791.8195
GV254,254,2010,170.8173284,2092.2386
GV254,254,2011,197.784887,1978.0179
GV254,254,2012,148.4894438,2290.586
GV255,255,2002,139.6583104,2577.0134
GV255,255,2003,163.4021795,2596.165
GV255,255,2004,157.373271,2078.5576
GV255,255,2005,181.0995513,2340.6218
GV255,255,2006,154.2458169,2270.9264
GV255,255,2007,150.9097945,2461.0244
GV255,255,2008,185.1404639,2269.16
GV255,255,2009,157.3370347,2123.0671
GV255,255,2010,165.0556237,2424.8639
GV255,255,2011,185.2477586,2312.5042
GV255,255,2012,141.103792,2651.8023
GV256,256,2002,105.7809483,3676.0406
GV256,256,2003,125.240138,3696.8763
GV256,256,2004,101.1352262,3310.5026
GV256,256,2005,124.3916625,3507.0777
GV256,256,2006,114.5735083,3405.333
GV256,256,2007,102.3655296,3619.8909
GV256,256,2008,140.8776033,3420.0409
GV256,256,2009,114.045786,3248.3242
GV256,256,2010,113.9813173,3531.3837
GV256,256,2011,134.9150534,3458.1854
GV256,256,2012,94.80903964,3874.472
GV257,257,2002,104.3346078,3494.6031
GV257,257,2003,124.4736638,3517.3546
GV257,257,2004,99.21849708,3130.2646
GV257,257,2005,123.4325932,3327.9159
GV257,257,2006,113.6437796,3224.2271
GV257,257,2007,100.974255,3441.236
GV257,257,2008,140.5080236,3241.8807
GV257,257,2009,112.9782413,3066.153
GV257,257,2010,112.8732871,3351.8155
GV257,257,2011,134.0477029,3281.5967
GV257,257,2012,93.53853434,3697.0441
GV258,258,2002,109.8607859,3602.8069
GV258,258,2003,128.6988503,3629.7572
GV258,258,2004,107.153351,3244.414
GV258,258,2005,130.2677106,3440.8559
GV258,258,2006,118.0534663,3338.0998
GV258,258,2007,107.4224633,3552.2296
GV258,258,2008,143.93541,3353.1529
GV258,258,2009,116.752321,3183.961
GV258,258,2010,116.527735,3466.4416
GV258,258,2011,140.088069,3390.4641
GV258,258,2012,97.88805906,3802.6606
GV259,259,2002,108.5208736,3401.0645
GV259,259,2003,127.276989,3416.165
GV259,259,2004,105.0966726,3024.179
GV259,259,2005,128.0673703,3224.7146
GV259,259,2006,116.8090407,3128.6627
GV259,259,2007,105.6193987,3337.841
GV259,259,2008,142.8281718,3136.9827
GV259,259,2009,116.1986643,2961.7728
GV259,259,2010,115.370848,3252.284
GV259,259,2011,137.8476694,3172.195
GV259,259,2012,97.55777743,3597.3951
GV260,260,2002,117.6080359,3566.3831
GV260,260,2003,131.7165438,3585.6775
GV260,260,2004,118.9132383,3187.3485
GV260,260,2005,139.4596872,3389.2187
GV260,260,2006,124.4797373,3289.6426
GV260,260,2007,113.3459242,3514.9404
GV260,260,2008,147.1438008,3306.1726
GV260,260,2009,123.0063158,3144.0406
GV260,260,2010,124.8264396,3424.7164
GV260,260,2011,146.4913148,3352.1691
GV260,260,2012,110.7784896,3767.079
GV261,261,2002,118.2924884,3569.0346
GV261,261,2003,132.673013,3585.8274
GV261,261,2004,120.6125018,3186.7766
GV261,261,2005,140.6195895,3389.9265
GV261,261,2006,125.6101611,3291.132
GV261,261,2007,114.1446035,3515.0956
GV261,261,2008,147.765021,3305.7034
GV261,261,2009,124.237753,3145.0015
GV261,261,2010,125.8022811,3424.8861
GV261,261,2011,147.7291312,3353.297
GV261,261,2012,112.274364,3766.4465
GV262,262,2002,117.120581,3660.1899
GV262,262,2003,131.3082925,3676.2284
GV262,262,2004,118.0880909,3277.0499
GV262,262,2005,139.2478712,3479.9361
GV262,262,2006,124.1815043,3380.2045
GV262,262,2007,113.3730513,3606.7199
GV262,262,2008,146.8529648,3393.5304
GV262,262,2009,122.0244467,3229.579
GV262,262,2010,124.5892959,3511.6926
GV262,262,2011,146.1520529,3440.34
GV262,262,2012,108.8456009,3864.748
GV263,263,2002,89.61503827,3540.1486
GV263,263,2003,107.6800999,3555.5381
GV263,263,2004,77.81184117,3166.8563
GV263,263,2005,95.27716326,3361.2606
GV263,263,2006,102.0509022,3262.2543
GV263,263,2007,67.54318338,3462.8513
GV263,263,2008,122.3580538,3276.9976
GV263,263,2009,94.2625025,3097.7352
GV263,263,2010,103.6685987,3382.1548
GV263,263,2011,109.5420293,3303.3823
GV263,263,2012,86.48374009,3716.8429
GV265,265,2002,95.07978188,3746.6362
GV265,265,2003,106.6819357,3748.8228
GV265,265,2004,93.23377622,3438.4746
GV265,265,2005,105.0552418,3591.5177
GV265,265,2006,104.7450476,3484.6449
GV265,265,2007,76.61183399,3687.9311
GV265,265,2008,119.9054743,3513.9775
GV265,265,2009,110.0164284,3342.6058
GV265,265,2010,109.8703643,3595.1277
GV265,265,2011,102.0647914,3535.4732
GV265,265,2012,97.65590036,3956.1166
GV266,266,2002,111.0726461,2994.7569
GV266,266,2003,137.8716258,3011.2202
GV266,266,2004,123.682274,2567.5863
GV266,266,2005,144.1099862,2792.8013
GV266,266,2006,126.5937153,2713.1122
GV266,266,2007,113.8055176,2915.0233
GV266,266,2008,151.9805895,2706.9523
GV266,266,2009,125.5547759,2544.8222
GV266,266,2010,129.4831044,2845.0282
GV266,266,2011,156.4459783,2745.0777
GV266,266,2012,111.9013469,3140.1777
GV267,267,2002,87.32830424,4080.5193
GV267,267,2003,101.3159431,4079.639
GV267,267,2004,80.7637729,3774.0014
GV267,267,2005,98.59674563,3925.1337
GV267,267,2006,99.91633084,3817.4313
GV267,267,2007,68.92620553,4023.0389
GV267,267,2008,117.5764206,3836.2003
GV267,267,2009,101.9929972,3666.3831
GV267,267,2010,105.6046407,3917.7061
GV267,267,2011,98.53858293,3865.6072
GV267,267,2012,79.82519047,4297.0628
GV268,268,2002,90.47324717,3817.4443
GV268,268,2003,109.1652759,3816.3093
GV268,268,2004,84.96919164,3475.7995
GV268,268,2005,107.819808,3641.3523
GV268,268,2006,104.8150087,3538.2661
GV268,268,2007,78.26674881,3736.9623
GV268,268,2008,125.7486204,3557.6484
GV268,268,2009,108.5856597,3382.5018
GV268,268,2010,108.2868327,3645.0788
GV268,268,2011,107.7656234,3579.5472
GV268,268,2012,83.78236043,4001.7227
GV269,269,2002,114.3100033,3507.95
GV269,269,2003,135.3447263,3529.5755
GV269,269,2004,121.4796722,3117.3819
GV269,269,2005,141.3238276,3328.9937
GV269,269,2006,126.7484808,3234.4853
GV269,269,2007,114.7209465,3457.9578
GV269,269,2008,147.0945104,3241.9081
GV269,269,2009,122.9274823,3088.9777
GV269,269,2010,127.7467793,3365.1455
GV269,269,2011,150.9000853,3288.4903
GV269,269,2012,107.6075388,3699.5192
GV270,270,2002,89.049687,4030.2388
GV270,270,2003,100.1065597,4030.582
GV270,270,2004,82.91342176,3701.4315
GV270,270,2005,104.7464506,3861.8142
GV270,270,2006,100.8779259,3759.1226
GV270,270,2007,73.4037974,3973.1036
GV270,270,2008,122.3404561,3778.0778
GV270,270,2009,106.4114378,3609.5903
GV270,270,2010,106.7402476,3861.8793
GV270,270,2011,103.173083,3810.9584
GV270,270,2012,85.43561426,4243.6847
GV271,271,2002,99.1636414,3664.3261
GV271,271,2003,113.6430598,3667.8008
GV271,271,2004,100.0718373,3323.5984
GV271,271,2005,121.6168565,3490.5976
GV271,271,2006,108.9256205,3388.5832
GV271,271,2007,91.80105785,3592.8199
GV271,271,2008,133.3438001,3411.5129
GV271,271,2009,119.7101892,3250.4465
GV271,271,2010,114.2409112,3503.2283
GV271,271,2011,119.1146803,3436.0826
GV271,271,2012,98.67220907,3843.9737
GV272,272,2002,90.91583514,3671.2069
GV272,272,2003,104.0609091,3664.5488
GV272,272,2004,84.43181307,3299.4478
GV272,272,2005,109.2372573,3473.502
GV272,272,2006,102.4793705,3378.7056
GV272,272,2007,74.21020726,3576.102
GV272,272,2008,126.31505,3395.4799
GV272,272,2009,107.7752933,3223.8889
GV272,272,2010,106.5203684,3487.7433
GV272,272,2011,108.5193212,3414.2581
GV272,272,2012,88.90226532,3840.2727
GV273,273,2002,114.1317495,3684.9096
GV273,273,2003,129.4208126,3704.0257
GV273,273,2004,114.5320942,3311.0003
GV273,273,2005,136.273248,3511.8981
GV273,273,2006,121.860134,3410.4545
GV273,273,2007,111.0615511,3638.5024
GV273,273,2008,145.0261211,3424.5079
GV273,273,2009,120.1190637,3260.2676
GV273,273,2010,122.5357147,3539.6792
GV273,273,2011,143.6791041,3472.8373
GV273,273,2012,104.7877031,3897.4107
GV274,274,2002,105.0241011,3391.8873
GV274,274,2003,130.641251,3415.4847
GV274,274,2004,106.4193618,3008.6342
GV274,274,2005,130.083311,3212.9685
GV274,274,2006,116.102743,3117.7066
GV274,274,2007,106.1401767,3316.5922
GV274,274,2008,145.462216,3124.081
GV274,274,2009,114.9193926,2948.4314
GV274,274,2010,118.1014436,3247.3139
GV274,274,2011,143.9975343,3154.8525
GV274,274,2012,94.82407377,3561.0736
GV275,275,2002,107.1993485,3373.5636
GV275,275,2003,132.2061321,3399.738
GV275,275,2004,109.2176211,2995.4515
GV275,275,2005,132.1688915,3199.9797
GV275,275,2006,117.6446797,3102.7996
GV275,275,2007,108.5356593,3302.9516
GV275,275,2008,146.1011435,3112.1634
GV275,275,2009,115.858349,2935.0992
GV275,275,2010,119.3616111,3233.4262
GV275,275,2011,145.5069844,3142.9306
GV275,275,2012,96.91886258,3547.6331
GV276,276,2002,98.64801274,2881.1691
GV276,276,2003,127.1957082,2905.1624
GV276,276,2004,99.3986439,2452.409
GV276,276,2005,122.6218772,2675.1545
GV276,276,2006,112.8106233,2592.934
GV276,276,2007,101.3833634,2775.8453
GV276,276,2008,144.9561102,2600.5176
GV276,276,2009,113.0398005,2412.8104
GV276,276,2010,119.0432982,2728.6007
GV276,276,2011,141.8248604,2619.0646
GV276,276,2012,89.21715846,3012.9228
GV277,277,2002,100.1664539,2947.3635
GV277,277,2003,129.5782794,2961.1505
GV277,277,2004,102.0452559,2528.4764
GV277,277,2005,125.9460653,2741.7656
GV277,277,2006,113.5395166,2660.4135
GV277,277,2007,103.6356963,2845.5251
GV277,277,2008,145.4861784,2661.6762
GV277,277,2009,113.2750748,2482.383
GV277,277,2010,119.1476901,2788.7835
GV277,277,2011,144.1253563,2683.7283
GV277,277,2012,89.41366256,3082.7434
GV278,278,2002,107.3132706,3617.444
GV278,278,2003,129.3284633,3643.0384
GV278,278,2004,105.1552343,3260.6578
GV278,278,2005,126.815203,3455.4652
GV278,278,2006,115.8656121,3352.4862
GV278,278,2007,106.4773197,3565.6586
GV278,278,2008,141.5205881,3367.4862
GV278,278,2009,114.2082293,3197.1218
GV278,278,2010,116.3939054,3480.127
GV278,278,2011,138.4101528,3402.6202
GV278,278,2012,95.74990584,3817.4876
GV279,279,2002,92.8443709,2771.9403
GV279,279,2003,121.645277,2792.9948
GV279,279,2004,89.92641408,2346.1991
GV279,279,2005,115.1278482,2564.1741
GV279,279,2006,108.0292449,2487.4472
GV279,279,2007,91.43918534,2666.556
GV279,279,2008,140.181232,2491.6168
GV279,279,2009,106.4241759,2313.1603
GV279,279,2010,113.8094314,2618.9828
GV279,279,2011,134.5410598,2506.8032
GV279,279,2012,84.28182095,2898.0414
GV280,280,2002,88.83632218,2996.1935
GV280,280,2003,117.7509788,3017.3895
GV280,280,2004,83.10065694,2571.9873
GV280,280,2005,110.4406574,2788.7296
GV280,280,2006,105.1363593,2706.2813
GV280,280,2007,85.25580163,2889.7851
GV280,280,2008,137.8147827,2713.9808
GV280,280,2009,103.1877116,2527.8335
GV280,280,2010,110.1848268,2840.8998
GV280,280,2011,129.6113908,2735.377
GV280,280,2012,80.988251,3128.1676
GV281,281,2002,89.61945668,2996.1935
GV281,281,2003,118.4202723,3017.3895
GV281,281,2004,84.45939698,2571.9873
GV281,281,2005,111.9721224,2788.7296
GV281,281,2006,105.8587165,2706.2813
GV281,281,2007,86.62935985,2889.7851
GV281,281,2008,138.7890625,2713.9808
GV281,281,2009,104.6494518,2527.8335
GV281,281,2010,110.3588197,2840.8998
GV281,281,2011,130.4825336,2735.377
GV281,281,2012,82.40027852,3128.1676
GV282,282,2002,115.22258,3018.7366
GV282,282,2003,136.4649302,3043.8439
GV282,282,2004,119.9132822,2632.6482
GV282,282,2005,133.632422,2838.4623
GV282,282,2006,122.1601094,2749.9923
GV282,282,2007,116.4856947,2942.7146
GV282,282,2008,147.0991404,2760.8532
GV282,282,2009,124.3850436,2584.0769
GV282,282,2010,126.4809659,2881.0517
GV282,282,2011,146.2595823,2776.2261
GV282,282,2012,113.6636826,3184.1375
GV283,283,2002,111.5767086,3331.3059
GV283,283,2003,134.3979094,3358.908
GV283,283,2004,120.0507428,2936.9042
GV283,283,2005,142.9508353,3154.8261
GV283,283,2006,126.3136314,3061.2128
GV283,283,2007,111.6601967,3276.114
GV283,283,2008,150.3514719,3063.6924
GV283,283,2009,124.2565547,2907.7476
GV283,283,2010,125.5602863,3196.345
GV283,283,2011,152.9278185,3108.5179
GV283,283,2012,108.3981871,3501.2788
GV284,284,2002,119.8217723,3194.7754
GV284,284,2003,144.8773149,3220.2402
GV284,284,2004,135.9722634,2776.9028
GV284,284,2005,159.1718099,3006.3504
GV284,284,2006,137.4666839,2918.3712
GV284,284,2007,125.5515032,3129.3696
GV284,284,2008,163.4118418,2917.3672
GV284,284,2009,134.6896861,2765.7526
GV284,284,2010,141.2243658,3057.0147
GV284,284,2011,165.5853052,2961.8756
GV284,284,2012,126.7213387,3353.0164
GV285,285,2002,148.8095946,2436.0187
GV285,285,2003,171.8653999,2452.0405
GV285,285,2004,169.099461,1923.5951
GV285,285,2005,185.4528838,2186.4962
GV285,285,2006,164.8663486,2118.3419
GV285,285,2007,160.8013828,2306.0705
GV285,285,2008,187.3991599,2129.9967
GV285,285,2009,165.6018986,1969.109
GV285,285,2010,168.9590876,2273.4281
GV285,285,2011,194.282817,2161.1403
GV285,285,2012,150.2216563,2496.7266
GV286,286,2002,127.5835148,2700.3822
GV286,286,2003,154.867752,2728.8608
GV286,286,2004,146.3562048,2197.8837
GV286,286,2005,169.3865054,2466.4128
GV286,286,2006,145.4164486,2391.2425
GV286,286,2007,140.1715614,2589.2346
GV286,286,2008,174.5946134,2392.8164
GV286,286,2009,144.5404803,2235.5468
GV286,286,2010,155.8040505,2540.7486
GV286,286,2011,176.852437,2426.8231
GV286,286,2012,133.6588992,2794.7415
GV287,287,2002,123.9560663,2959.0901
GV287,287,2003,151.3603249,2979.2126
GV287,287,2004,142.3695577,2492.186
GV287,287,2005,166.1347134,2742.3146
GV287,287,2006,142.5599514,2661.933
GV287,287,2007,134.8051892,2866.1251
GV287,287,2008,171.1153756,2657.2181
GV287,287,2009,140.8633469,2501.2227
GV287,287,2010,150.5711389,2806.0037
GV287,287,2011,173.302536,2703.9212
GV287,287,2012,131.5178412,3083.4917
GV288,288,2002,154.52478,2359.4064
GV288,288,2003,176.7323003,2374.2132
GV288,288,2004,173.1141101,1856.6152
GV288,288,2005,190.674742,2115.5566
GV288,288,2006,170.5512671,2051.1814
GV288,288,2007,162.7466921,2230.7172
GV288,288,2008,193.034017,2052.3423
GV288,288,2009,173.4868609,1903.6735
GV288,288,2010,170.1189139,2198.8516
GV288,288,2011,199.1255767,2084.2053
GV288,288,2012,151.6927833,2412.8894
GV289,289,2002,136.8133523,2827.4505
GV289,289,2003,161.0102501,2850.8253
GV289,289,2004,154.6554763,2312.4256
GV289,289,2005,179.6932661,2584.8787
GV289,289,2006,153.2897946,2509.9572
GV289,289,2007,147.1111825,2710.3853
GV289,289,2008,183.4088472,2502.7672
GV289,289,2009,155.8907079,2354.1622
GV289,289,2010,159.7150299,2651.1048
GV289,289,2011,184.3086257,2544.1327
GV289,289,2012,142.0911614,2914.3549
GV290,290,2002,121.7985865,2566.4619
GV290,290,2003,150.1501449,2594.2893
GV290,290,2004,140.1267041,2083.6586
GV290,290,2005,157.6813551,2337.4921
GV290,290,2006,140.2658153,2266.8541
GV290,290,2007,134.0027481,2464.168
GV290,290,2008,163.6591456,2281.8781
GV290,290,2009,135.1917988,2117.5823
GV290,290,2010,150.8514647,2416.7428
GV290,290,2011,170.21541,2306.0134
GV290,290,2012,123.4841428,2669.2605
GV291,291,2002,153.2633218,2460.2273
GV291,291,2003,176.2519916,2477.4732
GV291,291,2004,172.1902854,1959.0767
GV291,291,2005,189.8406919,2216.399
GV291,291,2006,168.4906764,2151.9194
GV291,291,2007,162.2168884,2334.195
GV291,291,2008,191.750326,2149.6902
GV291,291,2009,171.6077483,2001.3566
GV291,291,2010,169.4533332,2299.82
GV291,291,2011,198.2556754,2182.9761
GV291,291,2012,152.7360537,2518.8858
GV292,292,2002,131.5999797,2902.4229
GV292,292,2003,157.6598893,2929.6612
GV292,292,2004,150.7234927,2446.7265
GV292,292,2005,174.4333822,2692.6113
GV292,292,2006,146.3669404,2616.9442
GV292,292,2007,142.8158152,2822.635
GV292,292,2008,177.5871579,2614.5819
GV292,292,2009,148.0179384,2464.4878
GV292,292,2010,157.8212835,2762.637
GV292,292,2011,177.4618371,2658.5405
GV292,292,2012,140.6558568,3027.3819
GV293,293,2002,98.92688323,3599.6042
GV293,293,2003,121.9686494,3626.2913
GV293,293,2004,93.69173756,3239.176
GV293,293,2005,120.1112563,3439.2694
GV293,293,2006,110.1542114,3334.1382
GV293,293,2007,96.68626646,3545.8199
GV293,293,2008,138.9169353,3347.3619
GV293,293,2009,109.0618291,3175.9495
GV293,293,2010,110.2594623,3461.963
GV293,293,2011,131.2802435,3386.6937
GV293,293,2012,89.04910001,3795.2767
GV294,294,2002,138.6826548,2620.8605
GV294,294,2003,162.2943395,2652.6664
GV294,294,2004,157.2052341,2124.4599
GV294,294,2005,180.5784904,2391.2643
GV294,294,2006,153.9030463,2317.0709
GV294,294,2007,149.0822692,2516.7364
GV294,294,2008,183.8877239,2318.0925
GV294,294,2009,157.2288787,2168.2743
GV294,294,2010,161.3547378,2463.1625
GV294,294,2011,184.8247291,2352.1175
GV294,294,2012,145.567513,2715.1402
GV295,295,2002,117.6486855,3175.4694
GV295,295,2003,144.0180108,3202.7395
GV295,295,2004,133.9261814,2755.4679
GV295,295,2005,155.7299119,2987.2084
GV295,295,2006,134.8162982,2896.6053
GV295,295,2007,123.1811733,3111.0274
GV295,295,2008,160.9069819,2897.7188
GV295,295,2009,132.5963593,2746.941
GV295,295,2010,140.1249756,3038.2083
GV295,295,2011,163.9146109,2945.194
GV295,295,2012,123.2761631,3333.1339
GV296,296,2002,138.9372682,2472.89
GV296,296,2003,163.0979639,2500.5012
GV296,296,2004,156.7782814,1974.6753
GV296,296,2005,180.3164329,2239.4661
GV296,296,2006,154.1307479,2169.229
GV296,296,2007,150.6587859,2358.5821
GV296,296,2008,184.8482806,2176.5008
GV296,296,2009,156.864307,2024.7233
GV296,296,2010,165.4049037,2329.4252
GV296,296,2011,185.1708729,2213.973
GV296,296,2012,139.3946635,2543.4395
GV297,297,2002,139.8703981,2437.7127
GV297,297,2003,163.9506106,2465.6752
GV297,297,2004,158.1434213,1936.413
GV297,297,2005,180.8255047,2202.0031
GV297,297,2006,154.839838,2131.6733
GV297,297,2007,151.6856788,2320.421
GV297,297,2008,185.1350435,2141.2316
GV297,297,2009,157.6098537,1988.4512
GV297,297,2010,166.2045469,2293.1924
GV297,297,2011,185.7691853,2176.3566
GV297,297,2012,140.2517841,2503.632
GV297B,297B,2002,140.2969032,2437.7127
GV297B,297B,2003,164.4126231,2465.6752
GV297B,297B,2004,158.516104,1936.413
GV297B,297B,2005,181.3722036,2202.0031
GV297B,297B,2006,155.3078272,2131.6733
GV297B,297B,2007,152.0743735,2320.421
GV297B,297B,2008,185.6929019,2141.2316
GV297B,297B,2009,158.325114,1988.4512
GV297B,297B,2010,166.4722858,2293.1924
GV297B,297B,2011,186.3551724,2176.3566
GV297B,297B,2012,140.5119963,2503.632
GV298,298,2002,125.3416376,2415.9973
GV298,298,2003,153.2266412,2449.3174
GV298,298,2004,143.5108853,1914.2309
GV298,298,2005,164.7960005,2181.7593
GV298,298,2006,142.6456612,2110.1893
GV298,298,2007,139.1343058,2300.1236
GV298,298,2008,171.9970742,2122.6579
GV298,298,2009,140.8937988,1968.2707
GV298,298,2010,159.1221212,2273.5185
GV298,298,2011,173.5906587,2155.8733
GV298,298,2012,124.7304276,2481.4733
GV298B,298B,2002,143.11979,2415.9973
GV298B,298B,2003,166.7515932,2449.3174
GV298B,298B,2004,162.1616308,1914.2309
GV298B,298B,2005,183.4581519,2181.7593
GV298B,298B,2006,157.6398267,2110.1893
GV298B,298B,2007,154.7376591,2300.1236
GV298B,298B,2008,187.2326864,2122.6579
GV298B,298B,2009,161.1456587,1968.2707
GV298B,298B,2010,168.3763286,2273.5185
GV298B,298B,2011,188.3579085,2155.8733
GV298B,298B,2012,142.8811582,2481.4733
GV299,299,2002,130.6020396,2402.404
GV299,299,2003,157.2729196,2431.6946
GV299,299,2004,149.3333367,1898.7586
GV299,299,2005,171.3841228,2165.364
GV299,299,2006,147.6321693,2094.4745
GV299,299,2007,144.5295055,2283.0256
GV299,299,2008,177.5150378,2107.5543
GV299,299,2009,147.3988864,1952.7519
GV299,299,2010,162.4961843,2258.0642
GV299,299,2011,178.4985381,2140.4574
GV299,299,2012,130.9575203,2464.53
GV300,300,2002,161.9431792,2391.066
GV300,300,2003,183.4100129,2412.6468
GV300,300,2004,179.2071171,1878.4014
GV300,300,2005,197.2100342,2142.3742
GV300,300,2006,174.7562889,2081.3305
GV300,300,2007,167.62507,2261.4419
GV300,300,2008,200.3967246,2076.0652
GV300,300,2009,181.4534504,1931.0059
GV300,300,2010,176.4710778,2232.8692
GV300,300,2011,200.6646792,2112.2708
GV300,300,2012,157.6775043,2442.2443
GV301,301,2002,162.4762783,2289.3116
GV301,301,2003,182.0910968,2314.6162
GV301,301,2004,181.2510669,1786.6313
GV301,301,2005,196.7264707,2048.722
GV301,301,2006,173.7534432,1985.8168
GV301,301,2007,169.3206315,2162.9601
GV301,301,2008,198.6784359,1988.8315
GV301,301,2009,180.7802744,1849.1028
GV301,301,2010,177.5060724,2140.2517
GV301,301,2011,200.5691681,2023.7915
GV301,301,2012,159.5745159,2333.9366
GV302,302,2002,150.4912762,2297.5478
GV302,302,2003,172.1319004,2322.6733
GV302,302,2004,171.1514762,1793.3147
GV302,302,2005,188.1624419,2057.496
GV302,302,2006,163.667536,1991.3692
GV302,302,2007,161.674043,2171.1613
GV302,302,2008,190.5269787,1998.1758
GV302,302,2009,167.8992191,1855.311
GV302,302,2010,172.8449875,2149.3757
GV302,302,2011,192.7489422,2033.3499
GV302,302,2012,149.6429044,2343.4437
GV303,303,2002,155.1123154,2137.619
GV303,303,2003,176.5249888,2163.649
GV303,303,2004,176.942738,1630.5244
GV303,303,2005,191.2984192,1893.6373
GV303,303,2006,168.1213697,1832.1358
GV303,303,2007,166.0810891,2003.6171
GV303,303,2008,193.1687616,1837.6902
GV303,303,2009,173.2568413,1696.8772
GV303,303,2010,175.7327939,1989.9352
GV303,303,2011,196.0484068,1873.4836
GV303,303,2012,153.089921,2164.7124
GV304,304,2002,157.2582252,2039.7329
GV304,304,2003,181.6863078,2067.3234
GV304,304,2004,180.7152546,1516.9239
GV304,304,2005,193.6922219,1785.0015
GV304,304,2006,172.7066483,1727.3174
GV304,304,2007,169.5401638,1890.727
GV304,304,2008,195.9003434,1735.3042
GV304,304,2009,179.4156508,1584.1965
GV304,304,2010,177.7565922,1886.7347
GV304,304,2011,198.8203207,1766.9426
GV304,304,2012,152.8290905,2048.078
GV305,305,2002,158.9109157,2095.6523
GV305,305,2003,181.348683,2121.3576
GV305,305,2004,181.1496308,1585.507
GV305,305,2005,194.2452367,1849.0546
GV305,305,2006,172.8742258,1790.7229
GV305,305,2007,169.2162255,1957.2355
GV305,305,2008,196.2948473,1793.5372
GV305,305,2009,178.8140718,1652.7138
GV305,305,2010,177.6749509,1944.4634
GV305,305,2011,199.3583811,1828.3931
GV305,305,2012,154.9288804,2117.2532
GV306,306,2002,89.16791263,4041.4675
GV306,306,2003,100.4085915,4042.2721
GV306,306,2004,83.20600712,3714.1203
GV306,306,2005,104.4920847,3874.1938
GV306,306,2006,100.9409521,3771.0839
GV306,306,2007,73.49770469,3985.9272
GV306,306,2008,122.0236713,3789.8101
GV306,306,2009,106.3433002,3622.0171
GV306,306,2010,106.9571334,3875.8665
GV306,306,2011,103.0560531,3824.6768
GV306,306,2012,85.97684305,4256.4015
GV307,307,2002,92.60568137,3689.859
GV307,307,2003,116.6901871,3704.5963
GV307,307,2004,85.30293602,3333.0891
GV307,307,2005,107.5378226,3520.0953
GV307,307,2006,107.451597,3414.9231
GV307,307,2007,84.96844318,3622.8948
GV307,307,2008,130.8153125,3431.5465
GV307,307,2009,105.5775087,3253.4205
GV307,307,2010,108.837234,3535.1213
GV307,307,2011,118.823744,3462.4844
GV307,307,2012,84.762994,3884.5313
GV308,308,2002,92.50821035,3650.492
GV308,308,2003,115.3323247,3665.44
GV308,308,2004,84.68171825,3292.5322
GV308,308,2005,106.1524814,3480.2711
GV308,308,2006,106.7491765,3377.405
GV308,308,2007,83.76756426,3586.0637
GV308,308,2008,129.4192046,3396.6083
GV308,308,2009,104.6919072,3218.237
GV308,308,2010,108.3326172,3498.6477
GV308,308,2011,116.9445195,3427.0931
GV308,308,2012,85.70314941,3848.4412
GV309,309,2002,97.41973245,3675.295
GV309,309,2003,117.5217724,3693.3579
GV309,309,2004,88.37177191,3303.7999
GV309,309,2005,113.8508782,3501.2495
GV309,309,2006,107.1857315,3402.0774
GV309,309,2007,89.45230822,3619.8027
GV309,309,2008,133.9160931,3414.1506
GV309,309,2009,104.8896817,3244.6115
GV309,309,2010,108.9774883,3527.7303
GV309,309,2011,124.730826,3456.3381
GV309,309,2012,92.7738843,3876.7464
GV310,310,2002,100.716481,3698.3641
GV310,310,2003,121.481348,3718.9095
GV310,310,2004,93.96187824,3334.8501
GV310,310,2005,118.5855274,3530.3378
GV310,310,2006,110.7823384,3427.5599
GV310,310,2007,96.48101412,3643.3907
GV310,310,2008,137.7792789,3442.7422
GV310,310,2009,109.9543257,3271.4949
GV310,310,2010,110.9546298,3552.6163
GV310,310,2011,129.7329743,3481.7225
GV310,310,2012,90.40820721,3898.6959
GV311,311,2002,118.9021461,3669.6974
GV311,311,2003,132.7202623,3688.0166
GV311,311,2004,121.0761382,3295.2772
GV311,311,2005,141.2101567,3497.419
GV311,311,2006,125.7276974,3393.8807
GV311,311,2007,115.817508,3622.1091
GV311,311,2008,147.4901605,3410.8699
GV311,311,2009,123.3055801,3249.4773
GV311,311,2010,126.2137293,3528.0184
GV311,311,2011,147.4402651,3459.107
GV311,311,2012,111.547243,3875.6998
GV312,312,2002,110.5607676,3191.911
GV312,312,2003,137.1415167,3210.1239
GV312,312,2004,120.79235,2770.0011
GV312,312,2005,143.4690236,2996.017
GV312,312,2006,124.740002,2909.9775
GV312,312,2007,113.9170256,3104.3338
GV312,312,2008,151.8988583,2910.6734
GV312,312,2009,122.6893186,2742.2258
GV312,312,2010,127.7553945,3044.2423
GV312,312,2011,155.3681891,2947.4903
GV312,312,2012,108.5695552,3340.0953
GV313,313,2002,96.874673,3105.0099
GV313,313,2003,127.1323433,3124.116
GV313,313,2004,102.4178619,2680.1215
GV313,313,2005,127.5221937,2904.6594
GV313,313,2006,113.8746541,2823.0918
GV313,313,2007,98.5284624,3018.5904
GV313,313,2008,144.9354094,2821.2687
GV313,313,2009,116.304577,2652.8402
GV313,313,2010,118.893391,2955.4565
GV313,313,2011,144.0851748,2857.9686
GV313,313,2012,92.55215961,3251.5068
GV314,314,2002,108.1273588,3182.6848
GV314,314,2003,135.0784221,3200.9253
GV314,314,2004,117.9552664,2760.8933
GV314,314,2005,140.1771741,2984.733
GV314,314,2006,123.1364945,2900.4421
GV314,314,2007,110.277251,3100.1615
GV314,314,2008,149.8127194,2897.8326
GV314,314,2009,122.3316348,2732.4382
GV314,314,2010,125.8059366,3032.9457
GV314,314,2011,153.140243,2937.5422
GV314,314,2012,105.9677034,3331.9688
GV315,315,2002,113.7372304,3361.1371
GV315,315,2003,135.7238644,3382.8294
GV315,315,2004,122.4388213,2962.3472
GV315,315,2005,145.3097759,3178.8523
GV315,315,2006,127.4689818,3086.6536
GV315,315,2007,114.007033,3297.9998
GV315,315,2008,151.7436676,3087.471
GV315,315,2009,125.1712114,2928.8845
GV315,315,2010,126.5186875,3219.844
GV315,315,2011,154.1119978,3130.6954
GV315,315,2012,111.8881508,3532.2681
GV316,316,2002,110.8977026,3015.002
GV316,316,2003,135.7710098,3027.8459
GV316,316,2004,120.9613806,2582.8268
GV316,316,2005,143.1067248,2803.2482
GV316,316,2006,125.6157487,2730.4623
GV316,316,2007,112.0924492,2926.6454
GV316,316,2008,151.5216567,2715.1784
GV316,316,2009,124.6693608,2551.8754
GV316,316,2010,126.6694256,2853.5645
GV316,316,2011,154.5301414,2750.2654
GV316,316,2012,109.8259875,3162.6261
GV317,317,2002,105.4102121,3218.2637
GV317,317,2003,133.4926918,3238.8646
GV317,317,2004,113.9598508,2802.3176
GV317,317,2005,137.1316351,3023.6516
GV317,317,2006,120.1272212,2938.0431
GV317,317,2007,108.0683304,3136.7302
GV317,317,2008,148.7503888,2939.9049
GV317,317,2009,120.1360332,2771.0088
GV317,317,2010,124.01281,3069.8154
GV317,317,2011,151.0973523,2978.3565
GV317,317,2012,101.6115319,3370.4335
GV318,318,2002,101.4930957,3198.7024
GV318,318,2003,130.5858581,3219.5505
GV318,318,2004,108.7186943,2783.0208
GV318,318,2005,132.7141062,3004.0187
GV318,318,2006,117.1026065,2916.4965
GV318,318,2007,103.7573889,3115.1201
GV318,318,2008,147.0166197,2920.6818
GV318,318,2009,118.5199028,2752.8267
GV318,318,2010,121.5543391,3052.6426
GV318,318,2011,147.9958948,2957.5282
GV318,318,2012,96.99533357,3345.5735
GV319,319,2002,107.7560022,3220.627
GV319,319,2003,135.3795911,3239.5077
GV319,319,2004,117.1041995,2803.5023
GV319,319,2005,140.0284795,3026.99
GV319,319,2006,122.2176949,2940.1057
GV319,319,2007,110.9902037,3136.9276
GV319,319,2008,150.2034568,2940.8957
GV319,319,2009,121.1004783,2773.9053
GV319,319,2010,126.0315211,3073.9231
GV319,319,2011,153.3251914,2978.2259
GV319,319,2012,104.1958116,3371.3327
GV320,320,2002,101.3310133,3188.8494
GV320,320,2003,130.6918609,3208.0528
GV320,320,2004,108.9191695,2770.5622
GV320,320,2005,132.5995543,2994.1483
GV320,320,2006,117.4433609,2908.2137
GV320,320,2007,103.6230881,3107.8822
GV320,320,2008,146.9147453,2906.5458
GV320,320,2009,118.7676152,2741.4033
GV320,320,2010,122.0114376,3041.1768
GV320,320,2011,148.3056938,2944.8925
GV320,320,2012,96.87725761,3337.9543
GV321,321,2002,112.0152568,3316.7199
GV321,321,2003,135.3456685,3338.1749
GV321,321,2004,120.6456417,2917.519
GV321,321,2005,144.1011223,3134.78
GV321,321,2006,126.4031188,3043.12
GV321,321,2007,112.8131744,3253.3314
GV321,321,2008,151.2423457,3045.6339
GV321,321,2009,123.8242812,2885.2218
GV321,321,2010,126.1919682,3177.8141
GV321,321,2011,153.8659206,3087.3577
GV321,321,2012,109.2094819,3486.4317
GV322,322,2002,102.6142023,3225.0005
GV322,322,2003,131.4701281,3241.5032
GV322,322,2004,110.7083696,2800.6613
GV322,322,2005,133.9918683,3027.7738
GV322,322,2006,118.4372767,2939.6977
GV322,322,2007,104.7386464,3140.5068
GV322,322,2008,147.3561826,2937.2835
GV322,322,2009,119.5379501,2771.39
GV322,322,2010,122.5081665,3073.3649
GV322,322,2011,149.1701552,2976.6302
GV322,322,2012,98.62931879,3372.7922
GV323,323,2002,111.9372404,3639.8159
GV323,323,2003,130.239436,3656.1177
GV323,323,2004,114.6224396,3252.2714
GV323,323,2005,136.544809,3461.6881
GV323,323,2006,122.4108094,3362.5946
GV323,323,2007,110.5771903,3588.2521
GV323,323,2008,144.8263705,3371.2966
GV323,323,2009,119.9061339,3213.4262
GV323,323,2010,123.1921805,3490.119
GV323,323,2011,145.2709162,3418.4171
GV323,323,2012,102.0112182,3841.2278
GV324,324,2002,126.9491691,2352.645
GV324,324,2003,152.5302942,2372.4767
GV324,324,2004,145.3616152,1854.7039
GV324,324,2005,165.4870828,2106.9798
GV324,324,2006,149.0082725,2038.3194
GV324,324,2007,140.944329,2221.1311
GV324,324,2008,171.9447496,2058.7023
GV324,324,2009,142.5811176,1890.7617
GV324,324,2010,155.2336026,2191.8274
GV324,324,2011,177.885425,2081.6037
GV324,324,2012,127.8786328,2416.6431
GV325,325,2002,145.796433,2274.6381
GV325,325,2003,167.8761574,2288.9389
GV325,325,2004,166.9139507,1766.689
GV325,325,2005,182.977222,2021.4095
GV325,325,2006,164.6305212,1962.1539
GV325,325,2007,158.1397038,2131.4285
GV325,325,2008,186.1727051,1965.1667
GV325,325,2009,164.0262274,1811.5082
GV325,325,2010,166.625169,2107.6221
GV325,325,2011,192.9049223,1990.4529
GV325,325,2012,145.6891698,2313.9718
GV326,326,2002,152.4803247,2309.2586
GV326,326,2003,174.2902602,2319.9402
GV326,326,2004,172.1316864,1797.8063
GV326,326,2005,188.6853879,2051.9345
GV326,326,2006,170.278026,1994.9029
GV326,326,2007,161.4582374,2164.1698
GV326,326,2008,191.6944112,1994.7846
GV326,326,2009,172.1309712,1841.0138
GV326,326,2010,168.6378126,2142.2135
GV326,326,2011,198.4564107,2020.7523
GV326,326,2012,149.6779413,2344.3627
GV327,327,2002,141.7496894,2516.3209
GV327,327,2003,164.2039081,2528.6782
GV327,327,2004,159.6225204,2017.3436
GV327,327,2005,181.2237711,2271.818
GV327,327,2006,160.6998609,2204.2271
GV327,327,2007,152.4194016,2381.7048
GV327,327,2008,185.0304333,2209.7643
GV327,327,2009,160.2078775,2049.5645
GV327,327,2010,161.6373681,2354.6253
GV327,327,2011,190.3682229,2241.4395
GV327,327,2012,142.5803317,2577.3537
GV328,328,2002,163.1577953,2026.0005
GV328,328,2003,190.6859054,2045.9843
GV328,328,2004,185.5969375,1505.7988
GV328,328,2005,194.2882587,1767.1062
GV328,328,2006,191.311371,1711.3999
GV328,328,2007,177.5478762,1865.0219
GV328,328,2008,204.4845361,1716.1415
GV328,328,2009,188.0193344,1557.2578
GV328,328,2010,182.8777247,1861.354
GV328,328,2011,199.387807,1742.3114
GV328,328,2012,162.8622782,2031.5065
GV329,329,2002,139.299362,2347.586
GV329,329,2003,161.7882432,2376.2481
GV329,329,2004,161.3686708,1858.0401
GV329,329,2005,179.873453,2112.0575
GV329,329,2006,154.8022926,2040.3046
GV329,329,2007,152.5082141,2214.552
GV329,329,2008,184.3855127,2050.0194
GV329,329,2009,156.9349501,1876.0514
GV329,329,2010,163.6188548,2194.4615
GV329,329,2011,186.3730174,2072.1263
GV329,329,2012,145.8308279,2411.3772
GV331,331,2002,149.5712441,2303.9718
GV331,331,2003,173.8046448,2327.9298
GV331,331,2004,173.112526,1805.5156
GV331,331,2005,189.3010552,2059.6981
GV331,331,2006,163.3566334,1992.8406
GV331,331,2007,160.8132067,2156.6215
GV331,331,2008,192.1409075,1994.1732
GV331,331,2009,168.9867041,1824.1399
GV331,331,2010,169.110403,2146.0945
GV331,331,2011,196.2780563,2016.7099
GV331,331,2012,152.7662113,2342.2701
GV332,332,2002,123.7440698,2866.9913
GV332,332,2003,150.2911994,2888.7959
GV332,332,2004,142.0350553,2401.3925
GV332,332,2005,164.4161846,2650.1152
GV332,332,2006,141.9679442,2570.8981
GV332,332,2007,134.0475189,2773.9407
GV332,332,2008,169.8977133,2570.5011
GV332,332,2009,140.3299358,2414.323
GV332,332,2010,150.4217835,2717.0022
GV332,332,2011,172.1474255,2610.3373
GV332,332,2012,130.6863756,2988.7387